Марка;Модель;Годы;Экран;Магнитола;Цена магнитолы;Рамка;Артикул рамки;Цена рамки;Проводка;Цена проводки;Итого;Статус;Вариантов рамок;Вариантов проводки;Рамок с фото
Audi;A3;2008–2012;"9""";Андроид магнитола FYT 7862S, 9″, 4/64 ГБ, QLED 2K;17000;Переходная рамка для Audi A3 2008 - 2012 9 дюймов;AU 016N;960;Переходник для камеры заднего вида Volkswagen, Skoda;150;18110;ок;1;1;0
Audi;A4;1994–2001;"9""";Андроид магнитола FYT 7862S, 9″, 4/64 ГБ, QLED 2K;17000;Переходная рамка в Audi A4 (B5) 1994 - 2001 9 дюймов (авто с климат контролем);AU 031N;2525;Переходник для камеры заднего вида Volkswagen, Skoda;150;19675;ПРОВЕРИТЬ: годы проводки не совпали;1;3;0
Audi;A4;2002–2008;"9""";Андроид магнитола FYT 7862S, 9″, 4/64 ГБ, QLED 2K;17000;Переходная рамка для Audi A4 (B6, B7) 2002 - 2008 9 дюймов;AU 017N;602;Переходник Андроид магнитолы для Audi Q5, A4, A5 2007-2017 (с Audi Multimedia) (AHD);6589;24191;ок;1;3;0
Audi;A4;2007–2015;"12,3""";Андроид магнитола FYT 7862S, 12,3″, 8/128 ГБ, QLED;26400;Переходная рамка для Audi A4 (B8) 2007 - 2015 для 12,3 дюйма магнитолы;TK3036;2761;Переходник Андроид магнитолы для Audi Q5, A4, A5 2007-2017 (с Audi Multimedia) (AHD);6589;35750;ок;1;3;0
Audi;A6;1997–2004;"9""";Андроид магнитола FYT 7862S, 9″, 4/64 ГБ, QLED 2K;17000;Переходная рамка для Audi A6 (C5) 1997 - 2004 9 дюймов;AU 018N;994;Переходник Андроид магнитолы для Audi A6 1997-2004;598;18592;ок;1;2;0
Audi;Q5;2010–2018;"9""";Андроид магнитола FYT 7862S, 9″, 4/64 ГБ, QLED 2K;17000;Переходная рамка в Audi Q5 (8R) 2010 - 2018 9 дюймов Тип2;AU 026N;3835;Переходник Андроид магнитолы для Audi Q5, A4, A5 2007-2017 (с Audi Multimedia) (AHD);6589;27424;ок;1;2;0
Audi;Q5;2010–2018;"12,3""";Андроид магнитола FYT 7862S, 12,3″, 8/128 ГБ, QLED;26400;Переходная рамка для Audi Q5 (8R) 2010 - 2018 для 12,3 дюйма магнитолы;TK3035;2010;Переходник Андроид магнитолы для Audi Q5, A4, A5 2007-2017 (с Audi Multimedia) (AHD);6589;34999;ок;1;2;0
BMW;3 Series;1998–2005;"9""";Андроид магнитола FYT 7862S, 9″, 4/64 ГБ, QLED 2K;17000;Переходная рамка для BMW 3 (E46) 1998 - 2005 9 дюймов;BM 023N;669;Переходник Андроид магнитолы для BMW 3,5,X5 (E46,E39,E53) 1995-2006 XP;2384;20053;ок;1;3;0
BMW;5 Series;1999–20006;"9""";Андроид магнитола FYT 7862S, 9″, 4/64 ГБ, QLED 2K;17000;Переходная рамка для BMW 5 (E39) 1999 - 2006 9 дюймов тип B;BM 024N;1161;Переходник Андроид магнитолы для BMW 3,5,X5 (E46,E39,E53) 1995-2006 XP;2384;20545;ок;1;2;0
BMW;5 Series;2010–2016;"12,3""";Андроид магнитола FYT 7862S, 12,3″, 8/128 ГБ, QLED;26400;Переходная рамка для BMW 5 (F10, F11, F07) 2010 - 2016 для 12,3 дюйма магнитолы;012B;1330;Переходник Андроид магнитолы для BMW 3,5,X5 (E46,E39,E53) 1995-2006 XP;2384;30114;ПРОВЕРИТЬ: годы проводки не совпали;1;2;0
BMW;X1;2009–2015;"12,3""";Андроид магнитола FYT 7862S, 12,3″, 8/128 ГБ, QLED;26400;Переходная рамка для BMW X1 (E84) 2009 - 2015 для 12,3 дюйма магнитолы;TK3093;1575;Переходник Андроид магнитолы для BMW 3 (E90) 2005-2013, X1 (E84) 2009-2015;2414;30389;ок;1;2;0
BMW;X3;2003–2010;"9""";Андроид магнитола FYT 7862S, 9″, 4/64 ГБ, QLED 2K;17000;Переходная рамка для BMW X3 (E83) 2003 - 2010 9 дюймов;BM 026N;1810;Переходник Андроид магнитолы для BMW X3 (E83) 2006-2010;3698;22508;ок;1;1;0
BMW;X3;2003–2010;"12,3""";Андроид магнитола FYT 7862S, 12,3″, 8/128 ГБ, QLED;26400;Переходная рамка в  BMW X3 (E83) 2003 - 2010 для 12,3 дюйма магнитолы взамен верхнего дисплея;TK3106;2673;Переходник Андроид магнитолы для BMW X3 (E83) 2006-2010;3698;32771;ок;1;1;0
BMW;X3;2011–2017;"9""";Андроид магнитола FYT 7862S, 9″, 4/64 ГБ, QLED 2K;17000;Переходная рамка для BMW X3 (F25) 2011 - 2017 9 дюймов;BM 032N;1780;Переходник Андроид магнитолы для BMW X3 (E83) 2006-2010;3698;22478;ПРОВЕРИТЬ: годы проводки не совпали;1;1;0
BMW;X3;2011–2017;"12,3""";Андроид магнитола FYT 7862S, 12,3″, 8/128 ГБ, QLED;26400;Переходная рамка для BMW X3 (F25) 2011 - 2017 для 12,3 дюйма магнитолы;FR-BW 101C;2747;Переходник Андроид магнитолы для BMW X3 (E83) 2006-2010;3698;32845;ПРОВЕРИТЬ: годы проводки не совпали;1;1;0
BMW;X5;1995–2003;"9""";Андроид магнитола FYT 7862S, 9″, 4/64 ГБ, QLED 2K;17000;Переходная рамка для BMW X5 (E53) 1995 - 2003 9 дюймов тип A;BM 022N;721;Переходник Андроид магнитолы для BMW 3,5,X5 (E46,E39,E53) 1995-2006 XP;2384;20105;ок;1;2;0
BMW;X5;2006–2013;"12,3""";Андроид магнитола FYT 7862S, 12,3″, 8/128 ГБ, QLED;26400;Переходная рамка для BMW X5 (E70), X6 (E71) 2006 - 2013 для 12,3 дюйма магнитолы (левый руль);016B;1520;Переходник Андроид магнитолы для BMW 3,5,X5 (E46,E39,E53) 1995-2006 XP;2384;30304;ок;1;2;0
BMW;X5;2014–2017;"12,3""";Андроид магнитола FYT 7862S, 12,3″, 8/128 ГБ, QLED;26400;Переходная рамка для BMW X5 (F15) 2014 - 2017 для 12,3 дюйма магнитолы;TK3097;2218;Переходник Андроид магнитолы для BMW 3,5,X5 (E46,E39,E53) 1995-2006 XP;2384;31002;ПРОВЕРИТЬ: годы проводки не совпали;1;2;0
Chery;Tiggo 5;2014–2020;"10""";Андроид магнитола FYT 7862S, 10″, 4/64 ГБ, QLED 2K;17100;Переходная рамка для Chery Tiggo 5 2014 - 2020 10 дюймов;CHETI5MFA;646;Переходник Андроид магнитолы для Chery Tiggo 5 2014-2016;1875;19621;ок;1;1;0
Chevrolet;Aveo;2006–2011;"9""";Андроид магнитола FYT 7862S, 9″, 4/64 ГБ, QLED 2K;17000;Переходная рамка для Chevrolet Epica, Aveo, 2006 - 2011 9 дюймов;CH 043N;767;Переходник Андроид магнитолы для GM концерна;680;18447;ок;1;2;0
Chevrolet;Aveo;2007–2012;"9""";Андроид магнитола FYT 7862S, 9″, 4/64 ГБ, QLED 2K;17000;Переходная рамка для Chevrolet Aveo 2006 - 2011, Captiva 2006 - 2012, Epica 2007 - 2012 9 дюймов;CH 080N;654;Переходник Андроид магнитолы для GM концерна;680;18334;ок;1;2;0
Chevrolet;Aveo;2011–2015;"9""";Андроид магнитола FYT 7862S, 9″, 4/64 ГБ, QLED 2K;17000;Переходная рамка для Chevrolet Aveo 2011 - 2015 9 дюймов;CH 032N;1086;Переходник Андроид магнитолы для GM концерна;680;18766;ок;1;2;0
Chevrolet;Camaro;2016–2026;"9""";Андроид магнитола FYT 7862S, 9″, 4/64 ГБ, QLED 2K;17000;Переходная рамка в Chevrolet Camaro 2016+ 9 дюймов;CH 100N;2564;Переходник Андроид магнитолы для GM концерна;680;20244;ок;1;1;0
Chevrolet;Captiva;2006–2011;"9""";Андроид магнитола FYT 7862S, 9″, 4/64 ГБ, QLED 2K;17000;Переходная рамка для Chevrolet Captiva 2006 - 2011 9 дюймов;CH 072N;1444;Переходник Андроид магнитолы для GM концерна;680;19124;ок;1;2;0
Chevrolet;Captiva;2007–2012;"9""";Андроид магнитола FYT 7862S, 9″, 4/64 ГБ, QLED 2K;17000;Переходная рамка для Chevrolet Aveo 2006 - 2011, Captiva 2006 - 2012, Epica 2007 - 2012 9 дюймов;CH 080N;654;Переходник Андроид магнитолы для GM концерна;680;18334;ок;1;2;0
Chevrolet;Captiva;2011–2015;"10""";Андроид магнитола FYT 7862S, 10″, 4/64 ГБ, QLED 2K;17100;Переходная рамка для Chevrolet Captiva 2011 - 2015 10 дюймов;CH 052T;1461;Переходник Андроид магнитолы для GM концерна;680;19241;ок;1;2;0
Chevrolet;Cobalt;2011–2016;"9""";Андроид магнитола FYT 7862S, 9″, 4/64 ГБ, QLED 2K;17000;Переходная рамка для Chevrolet Cobalt 2011 - 2016, Ravon R4 2016 - 2020 9 дюймов (черная);CH 056N;1239;Переходник Андроид магнитолы для GM концерна;680;18919;ок;2;2;0
Chevrolet;Colorado;2006–2012;"9""";Андроид магнитола FYT 7862S, 9″, 4/64 ГБ, QLED 2K;17000;Переходная рамка в Chevrolet Colorado 2006 - 2012, Isuzu D-Max 2006 - 2012 9 дюймов;IS 014N;1237;Переходник Андроид магнитолы для GM концерна;680;18917;ок;1;1;0
Chevrolet;Colorado;2013–2020;"9""";Андроид магнитола FYT 7862S, 9″, 4/64 ГБ, QLED 2K;17000;Переходная рамка в Chevrolet Colorado 2013+ 9 дюймов;CH 046N;1411;Переходник Андроид магнитолы для GM концерна;680;19091;ок;1;1;0
Chevrolet;Cruze;2008–2013;"9""";Андроид магнитола FYT 7862S, 9″, 4/64 ГБ, QLED 2K;17000;Переходная рамка для Chevrolet Cruze 2008 - 2013 9 дюймов (черная);AYCRZD013;1397;Переходник Андроид магнитолы для GM концерна;680;19077;ок;2;3;0
Chevrolet;Cruze;2008–2013;"12,3""";Андроид магнитола FYT 7862S, 12,3″, 8/128 ГБ, QLED;26400;Переходная рамка для Chevrolet Cruze 2008 — 2013 для 12,3 магнитолы;K75 PA1 PA3;6743;Переходник Андроид магнитолы для GM концерна;680;33823;ок;1;3;0
Chevrolet;Cruze;2012–2015;"9""";Андроид магнитола FYT 7862S, 9″, 4/64 ГБ, QLED 2K;17000;Переходная рамка для Chevrolet Cruze 2012 - 2015 9 дюймов (черная);TK663;1106;Переходник Андроид магнитолы для GM концерна;680;18786;ок;2;3;0
Chevrolet;Equinox;2016–2025;"10""";Андроид магнитола FYT 7862S, 10″, 4/64 ГБ, QLED 2K;17100;Переходная рамка для Chevrolet Equinox 2016+ 10 дюймов;CH 070T;2322;Переходник Андроид магнитолы для Chevrolet Malibu 2018+;3745;23167;ок;1;2;0
Chevrolet;Lacetti;2004–2013;"9""";Андроид магнитола FYT 7862S, 9″, 4/64 ГБ, QLED 2K;17000;Переходная рамка для Chevrolet Lacetti 2004 - 2013 9 дюймов (хэтч и вагон, кондиционер, черн);BU 021N;1079;Переходник Андроид магнитолы для GM концерна;680;18759;ок;2;2;0
Chevrolet;Lacetti;2004–2013;"10""";Андроид магнитола FYT 7862S, 10″, 4/64 ГБ, QLED 2K;17100;Переходная рамка для Chevrolet Lacetti 2004 - 2013 10 дюймов (седан, кондиционер, черная);CH 083T;1357;Переходник Андроид магнитолы для GM концерна;680;19137;ок;6;2;0
Chevrolet;Malibu;2015–2024;"9""";Андроид магнитола FYT 7862S, 9″, 4/64 ГБ, QLED 2K;17000;Переходная рамка для Chevrolet Malibu 2015+ 9 дюймов;CH 104N;2586;Переходник Андроид магнитолы для Chevrolet, Opel;800;20386;ок;1;3;0
Chevrolet;Niva;2002–2026;"9""";Андроид магнитола FYT 7862S, 9″, 4/64 ГБ, QLED 2K;17000;Переходная рамка для Лада Нива Тревел (Lada Niva Travel) 20+, Chevrolet Niva 02 - 20 9 дюймов;CH 123N;3108;Переходник Андроид магнитолы для Лада Нива Тревел 2020+, Chevrolet Niva 2009-2020;555;20663;ок;1;1;0
Chevrolet;Spark;2009–2016;"9""";Андроид магнитола FYT 7862S, 9″, 4/64 ГБ, QLED 2K;17000;Переходная рамка для Chevrolet Spark (III), Daewoo Matiz (III) 2009 - 2016 9 дюймов (ч. глянец);CH 040N;1475;Переходник Андроид магнитолы для GM концерна;680;19155;ок;1;1;0
Chevrolet;Tahoe;2006–2014;"9""";Андроид магнитола FYT 7862S, 9″, 4/64 ГБ, QLED 2K;17000;Переходная рамка для Chevrolet Tahoe 2006 - 2014 9 дюймов черная;GM 002N;1358;Переходник Андроид магнитолы для GM концерна;680;19038;ок;2;2;0
Chevrolet;Trailblazer;2012–2015;"9""";Андроид магнитола FYT 7862S, 9″, 4/64 ГБ, QLED 2K;17000;Переходная рамка для Chevrolet Trailblazer 2012 - 2015, Isuzu D-Max 2012+ 9 дюймов;IS 012N;949;Переходник Андроид магнитолы для Isuzu D-Max 2012+, Chevrolet Trailblazer 2012-2015;522;18471;ок;1;3;0
Chrysler;200;2004–2017;"12,3""";Андроид магнитола FYT 7862S, 12,3″, 8/128 ГБ, QLED;26400;Переходная рамка для Chrysler, Dodge, Jeep 2004 - 2017 для 12,3 дюйма магнитолы;050B;2330;Переходник Андроид магнитолы для Chrysler, Dodge, Jeep 1999-2007;4988;33718;ок;1;1;0
Chrysler;300;2004–2017;"12,3""";Андроид магнитола FYT 7862S, 12,3″, 8/128 ГБ, QLED;26400;Переходная рамка для Chrysler, Dodge, Jeep 2004 - 2017 для 12,3 дюйма магнитолы;050B;2330;Переходник Андроид магнитолы для Chrysler, Dodge, Jeep 1999-2007;4988;33718;ок;1;1;0
Chrysler;300M;2004–2017;"12,3""";Андроид магнитола FYT 7862S, 12,3″, 8/128 ГБ, QLED;26400;Переходная рамка для Chrysler, Dodge, Jeep 2004 - 2017 для 12,3 дюйма магнитолы;050B;2330;Переходник Андроид магнитолы для Chrysler, Dodge, Jeep 1999-2007;4988;33718;ок;1;1;0
Chrysler;Airflow;2004–2017;"12,3""";Андроид магнитола FYT 7862S, 12,3″, 8/128 ГБ, QLED;26400;Переходная рамка для Chrysler, Dodge, Jeep 2004 - 2017 для 12,3 дюйма магнитолы;050B;2330;Переходник Андроид магнитолы для Chrysler, Dodge, Jeep 1999-2007;4988;33718;ок;1;1;0
Chrysler;Airstream;2004–2017;"12,3""";Андроид магнитола FYT 7862S, 12,3″, 8/128 ГБ, QLED;26400;Переходная рамка для Chrysler, Dodge, Jeep 2004 - 2017 для 12,3 дюйма магнитолы;050B;2330;Переходник Андроид магнитолы для Chrysler, Dodge, Jeep 1999-2007;4988;33718;ок;1;1;0
Chrysler;Avenger;2004–2017;"12,3""";Андроид магнитола FYT 7862S, 12,3″, 8/128 ГБ, QLED;26400;Переходная рамка для Chrysler, Dodge, Jeep 2004 - 2017 для 12,3 дюйма магнитолы;050B;2330;Переходник Андроид магнитолы для Chrysler, Dodge, Jeep 1999-2007;4988;33718;ок;1;1;0
Chrysler;Centura;2004–2017;"12,3""";Андроид магнитола FYT 7862S, 12,3″, 8/128 ГБ, QLED;26400;Переходная рамка для Chrysler, Dodge, Jeep 2004 - 2017 для 12,3 дюйма магнитолы;050B;2330;Переходник Андроид магнитолы для Chrysler, Dodge, Jeep 1999-2007;4988;33718;ок;1;1;0
Chrysler;Charger;2004–2017;"12,3""";Андроид магнитола FYT 7862S, 12,3″, 8/128 ГБ, QLED;26400;Переходная рамка для Chrysler, Dodge, Jeep 2004 - 2017 для 12,3 дюйма магнитолы;050B;2330;Переходник Андроид магнитолы для Chrysler, Dodge, Jeep 1999-2007;4988;33718;ок;1;1;0
Chrysler;Cirrus;2004–2017;"12,3""";Андроид магнитола FYT 7862S, 12,3″, 8/128 ГБ, QLED;26400;Переходная рамка для Chrysler, Dodge, Jeep 2004 - 2017 для 12,3 дюйма магнитолы;050B;2330;Переходник Андроид магнитолы для Chrysler, Dodge, Jeep 1999-2007;4988;33718;ок;1;1;0
Chrysler;Concorde;2004–2017;"12,3""";Андроид магнитола FYT 7862S, 12,3″, 8/128 ГБ, QLED;26400;Переходная рамка для Chrysler, Dodge, Jeep 2004 - 2017 для 12,3 дюйма магнитолы;050B;2330;Переходник Андроид магнитолы для Chrysler, Dodge, Jeep 1999-2007;4988;33718;ок;1;1;0
Chrysler;Conquest;2004–2017;"12,3""";Андроид магнитола FYT 7862S, 12,3″, 8/128 ГБ, QLED;26400;Переходная рамка для Chrysler, Dodge, Jeep 2004 - 2017 для 12,3 дюйма магнитолы;050B;2330;Переходник Андроид магнитолы для Chrysler, Dodge, Jeep 1999-2007;4988;33718;ок;1;1;0
Chrysler;Cordoba;2004–2017;"12,3""";Андроид магнитола FYT 7862S, 12,3″, 8/128 ГБ, QLED;26400;Переходная рамка для Chrysler, Dodge, Jeep 2004 - 2017 для 12,3 дюйма магнитолы;050B;2330;Переходник Андроид магнитолы для Chrysler, Dodge, Jeep 1999-2007;4988;33718;ок;1;1;0
Chrysler;Crossfire;2004–2017;"12,3""";Андроид магнитола FYT 7862S, 12,3″, 8/128 ГБ, QLED;26400;Переходная рамка для Chrysler, Dodge, Jeep 2004 - 2017 для 12,3 дюйма магнитолы;050B;2330;Переходник Андроид магнитолы для Chrysler, Dodge, Jeep 1999-2007;4988;33718;ок;1;1;0
Chrysler;Daytona;2004–2017;"12,3""";Андроид магнитола FYT 7862S, 12,3″, 8/128 ГБ, QLED;26400;Переходная рамка для Chrysler, Dodge, Jeep 2004 - 2017 для 12,3 дюйма магнитолы;050B;2330;Переходник Андроид магнитолы для Chrysler, Dodge, Jeep 1999-2007;4988;33718;ок;1;1;0
Chrysler;Dynasty;2004–2017;"12,3""";Андроид магнитола FYT 7862S, 12,3″, 8/128 ГБ, QLED;26400;Переходная рамка для Chrysler, Dodge, Jeep 2004 - 2017 для 12,3 дюйма магнитолы;050B;2330;Переходник Андроид магнитолы для Chrysler, Dodge, Jeep 1999-2007;4988;33718;ок;1;1;0
Chrysler;E-Class;2004–2017;"12,3""";Андроид магнитола FYT 7862S, 12,3″, 8/128 ГБ, QLED;26400;Переходная рамка для Chrysler, Dodge, Jeep 2004 - 2017 для 12,3 дюйма магнитолы;050B;2330;Переходник Андроид магнитолы для Chrysler, Dodge, Jeep 1999-2007;4988;33718;ок;1;1;0
Chrysler;Executive;2004–2017;"12,3""";Андроид магнитола FYT 7862S, 12,3″, 8/128 ГБ, QLED;26400;Переходная рамка для Chrysler, Dodge, Jeep 2004 - 2017 для 12,3 дюйма магнитолы;050B;2330;Переходник Андроид магнитолы для Chrysler, Dodge, Jeep 1999-2007;4988;33718;ок;1;1;0
Chrysler;Fifth Avenue;2004–2017;"12,3""";Андроид магнитола FYT 7862S, 12,3″, 8/128 ГБ, QLED;26400;Переходная рамка для Chrysler, Dodge, Jeep 2004 - 2017 для 12,3 дюйма магнитолы;050B;2330;Переходник Андроид магнитолы для Chrysler, Dodge, Jeep 1999-2007;4988;33718;ок;1;1;0
Chrysler;Grand Voyager;2004–2017;"12,3""";Андроид магнитола FYT 7862S, 12,3″, 8/128 ГБ, QLED;26400;Переходная рамка для Chrysler, Dodge, Jeep 2004 - 2017 для 12,3 дюйма магнитолы;050B;2330;Переходник Андроид магнитолы для Chrysler, Dodge, Jeep 1999-2007;4988;33718;ок;1;1;0
Chrysler;Horizon;2004–2017;"12,3""";Андроид магнитола FYT 7862S, 12,3″, 8/128 ГБ, QLED;26400;Переходная рамка для Chrysler, Dodge, Jeep 2004 - 2017 для 12,3 дюйма магнитолы;050B;2330;Переходник Андроид магнитолы для Chrysler, Dodge, Jeep 1999-2007;4988;33718;ок;1;1;0
Chrysler;Imperial;2004–2017;"12,3""";Андроид магнитола FYT 7862S, 12,3″, 8/128 ГБ, QLED;26400;Переходная рамка для Chrysler, Dodge, Jeep 2004 - 2017 для 12,3 дюйма магнитолы;050B;2330;Переходник Андроид магнитолы для Chrysler, Dodge, Jeep 1999-2007;4988;33718;ок;1;1;0
Chrysler;Intrepid;2004–2017;"12,3""";Андроид магнитола FYT 7862S, 12,3″, 8/128 ГБ, QLED;26400;Переходная рамка для Chrysler, Dodge, Jeep 2004 - 2017 для 12,3 дюйма магнитолы;050B;2330;Переходник Андроид магнитолы для Chrysler, Dodge, Jeep 1999-2007;4988;33718;ок;1;1;0
Chrysler;LHS;2004–2017;"12,3""";Андроид магнитола FYT 7862S, 12,3″, 8/128 ГБ, QLED;26400;Переходная рамка для Chrysler, Dodge, Jeep 2004 - 2017 для 12,3 дюйма магнитолы;050B;2330;Переходник Андроид магнитолы для Chrysler, Dodge, Jeep 1999-2007;4988;33718;ок;1;1;0
Chrysler;Laser;2004–2017;"12,3""";Андроид магнитола FYT 7862S, 12,3″, 8/128 ГБ, QLED;26400;Переходная рамка для Chrysler, Dodge, Jeep 2004 - 2017 для 12,3 дюйма магнитолы;050B;2330;Переходник Андроид магнитолы для Chrysler, Dodge, Jeep 1999-2007;4988;33718;ок;1;1;0
Chrysler;LeBaron;2004–2017;"12,3""";Андроид магнитола FYT 7862S, 12,3″, 8/128 ГБ, QLED;26400;Переходная рамка для Chrysler, Dodge, Jeep 2004 - 2017 для 12,3 дюйма магнитолы;050B;2330;Переходник Андроид магнитолы для Chrysler, Dodge, Jeep 1999-2007;4988;33718;ок;1;1;0
Chrysler;Neon;2004–2017;"12,3""";Андроид магнитола FYT 7862S, 12,3″, 8/128 ГБ, QLED;26400;Переходная рамка для Chrysler, Dodge, Jeep 2004 - 2017 для 12,3 дюйма магнитолы;050B;2330;Переходник Андроид магнитолы для Chrysler, Dodge, Jeep 1999-2007;4988;33718;ок;1;1;0
Chrysler;New Yorker;2004–2017;"12,3""";Андроид магнитола FYT 7862S, 12,3″, 8/128 ГБ, QLED;26400;Переходная рамка для Chrysler, Dodge, Jeep 2004 - 2017 для 12,3 дюйма магнитолы;050B;2330;Переходник Андроид магнитолы для Chrysler, Dodge, Jeep 1999-2007;4988;33718;ок;1;1;0
Chrysler;Newport;2004–2017;"12,3""";Андроид магнитола FYT 7862S, 12,3″, 8/128 ГБ, QLED;26400;Переходная рамка для Chrysler, Dodge, Jeep 2004 - 2017 для 12,3 дюйма магнитолы;050B;2330;Переходник Андроид магнитолы для Chrysler, Dodge, Jeep 1999-2007;4988;33718;ок;1;1;0
Chrysler;PT Cruiser;2004–2017;"12,3""";Андроид магнитола FYT 7862S, 12,3″, 8/128 ГБ, QLED;26400;Переходная рамка для Chrysler, Dodge, Jeep 2004 - 2017 для 12,3 дюйма магнитолы;050B;2330;Переходник Андроид магнитолы для Chrysler, Dodge, Jeep 1999-2007;4988;33718;ок;1;1;0
Chrysler;Pacifica;2004–2017;"12,3""";Андроид магнитола FYT 7862S, 12,3″, 8/128 ГБ, QLED;26400;Переходная рамка для Chrysler, Dodge, Jeep 2004 - 2017 для 12,3 дюйма магнитолы;050B;2330;Переходник Андроид магнитолы для Chrysler, Dodge, Jeep 1999-2007;4988;33718;ок;1;1;0
Chrysler;Prowler;2004–2017;"12,3""";Андроид магнитола FYT 7862S, 12,3″, 8/128 ГБ, QLED;26400;Переходная рамка для Chrysler, Dodge, Jeep 2004 - 2017 для 12,3 дюйма магнитолы;050B;2330;Переходник Андроид магнитолы для Chrysler, Dodge, Jeep 1999-2007;4988;33718;ок;1;1;0
Chrysler;Royal;2004–2017;"12,3""";Андроид магнитола FYT 7862S, 12,3″, 8/128 ГБ, QLED;26400;Переходная рамка для Chrysler, Dodge, Jeep 2004 - 2017 для 12,3 дюйма магнитолы;050B;2330;Переходник Андроид магнитолы для Chrysler, Dodge, Jeep 1999-2007;4988;33718;ок;1;1;0
Chrysler;Saratoga;2004–2017;"12,3""";Андроид магнитола FYT 7862S, 12,3″, 8/128 ГБ, QLED;26400;Переходная рамка для Chrysler, Dodge, Jeep 2004 - 2017 для 12,3 дюйма магнитолы;050B;2330;Переходник Андроид магнитолы для Chrysler, Dodge, Jeep 1999-2007;4988;33718;ок;1;1;0
Chrysler;Sebring;2004–2017;"12,3""";Андроид магнитола FYT 7862S, 12,3″, 8/128 ГБ, QLED;26400;Переходная рамка для Chrysler, Dodge, Jeep 2004 - 2017 для 12,3 дюйма магнитолы;050B;2330;Переходник Андроид магнитолы для Chrysler, Dodge, Jeep 1999-2007;4988;33718;ок;1;1;0
Chrysler;Sigma;2004–2017;"12,3""";Андроид магнитола FYT 7862S, 12,3″, 8/128 ГБ, QLED;26400;Переходная рамка для Chrysler, Dodge, Jeep 2004 - 2017 для 12,3 дюйма магнитолы;050B;2330;Переходник Андроид магнитолы для Chrysler, Dodge, Jeep 1999-2007;4988;33718;ок;1;1;0
Chrysler;Stratus;2004–2017;"12,3""";Андроид магнитола FYT 7862S, 12,3″, 8/128 ГБ, QLED;26400;Переходная рамка для Chrysler, Dodge, Jeep 2004 - 2017 для 12,3 дюйма магнитолы;050B;2330;Переходник Андроид магнитолы для Chrysler, Dodge, Jeep 1999-2007;4988;33718;ок;1;1;0
Chrysler;TC;2004–2017;"12,3""";Андроид магнитола FYT 7862S, 12,3″, 8/128 ГБ, QLED;26400;Переходная рамка для Chrysler, Dodge, Jeep 2004 - 2017 для 12,3 дюйма магнитолы;050B;2330;Переходник Андроид магнитолы для Chrysler, Dodge, Jeep 1999-2007;4988;33718;ок;1;1;0
Chrysler;Town & Country;2004–2017;"12,3""";Андроид магнитола FYT 7862S, 12,3″, 8/128 ГБ, QLED;26400;Переходная рамка для Chrysler, Dodge, Jeep 2004 - 2017 для 12,3 дюйма магнитолы;050B;2330;Переходник Андроид магнитолы для Chrysler, Dodge, Jeep 1999-2007;4988;33718;ок;1;1;0
Chrysler;Vision;2004–2017;"12,3""";Андроид магнитола FYT 7862S, 12,3″, 8/128 ГБ, QLED;26400;Переходная рамка для Chrysler, Dodge, Jeep 2004 - 2017 для 12,3 дюйма магнитолы;050B;2330;Переходник Андроид магнитолы для Chrysler, Dodge, Jeep 1999-2007;4988;33718;ок;1;1;0
Chrysler;Voyager;2000–2008;"9""";Андроид магнитола FYT 7862S, 9″, 4/64 ГБ, QLED 2K;17000;Переходная рамка для Chrysler Voyager 2000 - 2008 10 дюймов;CR 009T;1493;Переходник Андроид магнитолы для Chrysler, Dodge, Jeep 1999-2007;4988;23481;ок;1;1;0
Chrysler;Voyager;2004–2017;"12,3""";Андроид магнитола FYT 7862S, 12,3″, 8/128 ГБ, QLED;26400;Переходная рамка для Chrysler, Dodge, Jeep 2004 - 2017 для 12,3 дюйма магнитолы;050B;2330;Переходник Андроид магнитолы для Chrysler, Dodge, Jeep 1999-2007;4988;33718;ок;1;1;0
Citroen;Berlingo;2008–2018;"9""";Андроид магнитола FYT 7862S, 9″, 4/64 ГБ, QLED 2K;17000;Переходная рамка для Citroen Berlingo, Peugeot Partner 2015 - 2018 9 дюймов;CI 022N;583;Переходник Андроид магнитолы для Peugeot, Citroen 2012+ (XP);2500;20083;ок;1;2;0
Citroen;C-Crosser;2007–2012;"9""";Андроид магнитола FYT 7862S, 9″, 4/64 ГБ, QLED 2K;17000;Переходная рамка для Mitsubishi Outlander 2007 - 2012 9 дюймов;MI 055N;1331;Переходник Андроид магнитолы для Mitsubishi 2007+ XP;2351;20682;ок;1;3;0
Citroen;C4;2010–2016;"10""";Андроид магнитола FYT 7862S, 10″, 4/64 ГБ, QLED 2K;17100;Переходная рамка для Citroen C4 2010 - 2016 10 дюймов;CI 027T;1109;Переходник Андроид магнитолы для Peugeot, Citroen 2012+ (XP);2500;20709;ок;1;1;0
Citroen;C4 Aircross;2010–2016;"10""";Андроид магнитола FYT 7862S, 10″, 4/64 ГБ, QLED 2K;17100;Переходная рамка для Mitsubishi ASX, RVR 2010 - 2016 10 дюймов тип 2;MI 079T;2409;Переходник Андроид магнитолы для Peugeot, Citroen 2012+ (XP);2500;22009;ок;1;1;0
Citroen;C5;2007–2017;"10""";Андроид магнитола FYT 7862S, 10″, 4/64 ГБ, QLED 2K;17100;Переходная рамка для Citroen C5 2007 - 2017 10 дюймов;CI 036T;1609;Переходник Андроид магнитолы для Peugeot, Citroen 2012+ (XP);2500;21209;ок;1;2;0
Citroen;C5 Aircross;2017–2022;"9""";Андроид магнитола FYT 7862S, 9″, 4/64 ГБ, QLED 2K;17000;Переходная рамка в Citroen C5 Aircross 2017 - 2022 9 дюймов;CI 029N;1518;Переходник Андроид магнитолы для Peugeot, Citroen 2012+ (XP);2500;21018;ок;1;1;0
Citroen;Jumper;2006–2014;"9""";Андроид магнитола FYT 7862S, 9″, 4/64 ГБ, QLED 2K;17000;Переходная рамка для Citroen Jumper, Peugeot Boxer, Fiat Ducato 2006+ 9 дюймов;FI 045N;1168;Переходник Андроид магнитолы для Peugeot Boxer 2 2006-2022, Citroen Jumper 2 2006-2022;1835;20003;ок;1;2;0
Citroen;Jumpy;2007–2016;"9""";Андроид магнитола FYT 7862S, 9″, 4/64 ГБ, QLED 2K;17000;Переходная рамка в Peugeot Expert, Citroen Jumpy 2007-2016 9 дюймов;PE 048N;2471;Переходник Андроид магнитолы для Peugeot, Citroen 2012+ (XP);2500;21971;ок;1;2;0
Citroen;Jumpy;2016–2025;"9""";Андроид магнитола FYT 7862S, 9″, 4/64 ГБ, QLED 2K;17000;Переходная рамка для Citroen Spacetourer, Jumpy 2016+ , Peugeot Traveller 9 дюймов;CI 017N;1522;Переходник Андроид магнитолы для Citroen Spacetourer, Jumpy 2016+;2400;20922;ок;1;2;0
Citroen;Spacetourer;2016–2025;"9""";Андроид магнитола FYT 7862S, 9″, 4/64 ГБ, QLED 2K;17000;Переходная рамка для Citroen Spacetourer, Jumpy 2016+ , Peugeot Traveller 9 дюймов;CI 017N;1522;Переходник Андроид магнитолы для Citroen Spacetourer, Jumpy 2016+;2400;20922;ок;1;2;0
Daihatsu;Rocky;2019–2026;"10""";Андроид магнитола FYT 7862S, 10″, 4/64 ГБ, QLED 2K;17100;Переходная рамка для Toyota Raize, Daihatsu Rocky 2019+ 10 дюймов тип 4;TO 525T;897;Переходник Андроид магнитолы для Toyota Raize, Daihatsu Rocky 2019+ (без CAN);769;18766;ок;4;2;0
Daihatsu;Rocky;2019–2026;"12,3""";Андроид магнитола FYT 7862S, 12,3″, 8/128 ГБ, QLED;26400;Переходная рамка в Toyota Raize, Daihatsu Rocky 2019+ для 12,3 дюйма магнитолы тип 5 (для замены 200*100 мм);K48 PA1+K328;2702;Переходник Андроид магнитолы для Toyota Raize, Daihatsu Rocky 2019+ (без CAN);769;29871;ок;1;2;0
Daihatsu;Tanto;2019–2026;"10""";Андроид магнитола FYT 7862S, 10″, 4/64 ГБ, QLED 2K;17100;Переходная рамка в Daihatsu Tanto 2019+ 9 дюймов;DH 009N;2061;Переходник Андроид магнитолы для Toyota Raize, Daihatsu Rocky 2019+;2167;21328;ок;1;1;0
Dodge;330;2004–2017;"12,3""";Андроид магнитола FYT 7862S, 12,3″, 8/128 ГБ, QLED;26400;Переходная рамка для Chrysler, Dodge, Jeep 2004 - 2017 для 12,3 дюйма магнитолы;050B;2330;Переходник Андроид магнитолы для Chrysler, Dodge, Jeep 1999-2007;4988;33718;ок;1;1;0
Dodge;440;2004–2017;"12,3""";Андроид магнитола FYT 7862S, 12,3″, 8/128 ГБ, QLED;26400;Переходная рамка для Chrysler, Dodge, Jeep 2004 - 2017 для 12,3 дюйма магнитолы;050B;2330;Переходник Андроид магнитолы для Chrysler, Dodge, Jeep 1999-2007;4988;33718;ок;1;1;0
Dodge;A100;2004–2017;"12,3""";Андроид магнитола FYT 7862S, 12,3″, 8/128 ГБ, QLED;26400;Переходная рамка для Chrysler, Dodge, Jeep 2004 - 2017 для 12,3 дюйма магнитолы;050B;2330;Переходник Андроид магнитолы для Chrysler, Dodge, Jeep 1999-2007;4988;33718;ок;1;1;0
Dodge;Aries;2004–2017;"12,3""";Андроид магнитола FYT 7862S, 12,3″, 8/128 ГБ, QLED;26400;Переходная рамка для Chrysler, Dodge, Jeep 2004 - 2017 для 12,3 дюйма магнитолы;050B;2330;Переходник Андроид магнитолы для Chrysler, Dodge, Jeep 1999-2007;4988;33718;ок;1;1;0
Dodge;Aspen;2004–2017;"12,3""";Андроид магнитола FYT 7862S, 12,3″, 8/128 ГБ, QLED;26400;Переходная рамка для Chrysler, Dodge, Jeep 2004 - 2017 для 12,3 дюйма магнитолы;050B;2330;Переходник Андроид магнитолы для Chrysler, Dodge, Jeep 1999-2007;4988;33718;ок;1;1;0
Dodge;Avenger;2004–2017;"12,3""";Андроид магнитола FYT 7862S, 12,3″, 8/128 ГБ, QLED;26400;Переходная рамка для Chrysler, Dodge, Jeep 2004 - 2017 для 12,3 дюйма магнитолы;050B;2330;Переходник Андроид магнитолы для Chrysler, Dodge, Jeep 1999-2007;4988;33718;ок;1;1;0
Dodge;B-Series (B100;2004–2017;"12,3""";Андроид магнитола FYT 7862S, 12,3″, 8/128 ГБ, QLED;26400;Переходная рамка для Chrysler, Dodge, Jeep 2004 - 2017 для 12,3 дюйма магнитолы;050B;2330;Переходник Андроид магнитолы для Chrysler, Dodge, Jeep 1999-2007;4988;33718;ок;1;1;0
Dodge;B150;2004–2017;"12,3""";Андроид магнитола FYT 7862S, 12,3″, 8/128 ГБ, QLED;26400;Переходная рамка для Chrysler, Dodge, Jeep 2004 - 2017 для 12,3 дюйма магнитолы;050B;2330;Переходник Андроид магнитолы для Chrysler, Dodge, Jeep 1999-2007;4988;33718;ок;1;1;0
Dodge;B250;2004–2017;"12,3""";Андроид магнитола FYT 7862S, 12,3″, 8/128 ГБ, QLED;26400;Переходная рамка для Chrysler, Dodge, Jeep 2004 - 2017 для 12,3 дюйма магнитолы;050B;2330;Переходник Андроид магнитолы для Chrysler, Dodge, Jeep 1999-2007;4988;33718;ок;1;1;0
Dodge;B350);2004–2017;"12,3""";Андроид магнитола FYT 7862S, 12,3″, 8/128 ГБ, QLED;26400;Переходная рамка для Chrysler, Dodge, Jeep 2004 - 2017 для 12,3 дюйма магнитолы;050B;2330;Переходник Андроид магнитолы для Chrysler, Dodge, Jeep 1999-2007;4988;33718;ок;1;1;0
Dodge;Caliber;2004–2017;"12,3""";Андроид магнитола FYT 7862S, 12,3″, 8/128 ГБ, QLED;26400;Переходная рамка для Chrysler, Dodge, Jeep 2004 - 2017 для 12,3 дюйма магнитолы;050B;2330;Переходник Андроид магнитолы для Chrysler, Dodge, Jeep 1999-2007;4988;33718;ок;1;1;0
Dodge;Caliber;2006–2009;"10""";Андроид магнитола FYT 7862S, 10″, 4/64 ГБ, QLED 2K;17100;Переходная рамка для Dodge Caliber 2006 - 2009 10 дюймов;DO 009T;1842;Переходник Андроид магнитолы для Chrysler, Dodge, Jeep 1999-2007;4988;23930;ок;1;1;0
Dodge;Caravan;2004–2017;"12,3""";Андроид магнитола FYT 7862S, 12,3″, 8/128 ГБ, QLED;26400;Переходная рамка для Chrysler, Dodge, Jeep 2004 - 2017 для 12,3 дюйма магнитолы;050B;2330;Переходник Андроид магнитолы для Chrysler, Dodge, Jeep 1999-2007;4988;33718;ок;1;1;0
Dodge;Challenger;2004–2017;"12,3""";Андроид магнитола FYT 7862S, 12,3″, 8/128 ГБ, QLED;26400;Переходная рамка для Chrysler, Dodge, Jeep 2004 - 2017 для 12,3 дюйма магнитолы;050B;2330;Переходник Андроид магнитолы для Chrysler, Dodge, Jeep 1999-2007;4988;33718;ок;1;1;0
Dodge;Charger;2004–2017;"12,3""";Андроид магнитола FYT 7862S, 12,3″, 8/128 ГБ, QLED;26400;Переходная рамка для Chrysler, Dodge, Jeep 2004 - 2017 для 12,3 дюйма магнитолы;050B;2330;Переходник Андроид магнитолы для Chrysler, Dodge, Jeep 1999-2007;4988;33718;ок;1;1;0
Dodge;Charger Daytona;2004–2017;"12,3""";Андроид магнитола FYT 7862S, 12,3″, 8/128 ГБ, QLED;26400;Переходная рамка для Chrysler, Dodge, Jeep 2004 - 2017 для 12,3 дюйма магнитолы;050B;2330;Переходник Андроид магнитолы для Chrysler, Dodge, Jeep 1999-2007;4988;33718;ок;1;1;0
Dodge;Coronet;2004–2017;"12,3""";Андроид магнитола FYT 7862S, 12,3″, 8/128 ГБ, QLED;26400;Переходная рамка для Chrysler, Dodge, Jeep 2004 - 2017 для 12,3 дюйма магнитолы;050B;2330;Переходник Андроид магнитолы для Chrysler, Dodge, Jeep 1999-2007;4988;33718;ок;1;1;0
Dodge;Custom 880;2004–2017;"12,3""";Андроид магнитола FYT 7862S, 12,3″, 8/128 ГБ, QLED;26400;Переходная рамка для Chrysler, Dodge, Jeep 2004 - 2017 для 12,3 дюйма магнитолы;050B;2330;Переходник Андроид магнитолы для Chrysler, Dodge, Jeep 1999-2007;4988;33718;ок;1;1;0
Dodge;Custom Royal;2004–2017;"12,3""";Андроид магнитола FYT 7862S, 12,3″, 8/128 ГБ, QLED;26400;Переходная рамка для Chrysler, Dodge, Jeep 2004 - 2017 для 12,3 дюйма магнитолы;050B;2330;Переходник Андроид магнитолы для Chrysler, Dodge, Jeep 1999-2007;4988;33718;ок;1;1;0
Dodge;D-Series (D100;2004–2017;"12,3""";Андроид магнитола FYT 7862S, 12,3″, 8/128 ГБ, QLED;26400;Переходная рамка для Chrysler, Dodge, Jeep 2004 - 2017 для 12,3 дюйма магнитолы;050B;2330;Переходник Андроид магнитолы для Chrysler, Dodge, Jeep 1999-2007;4988;33718;ок;1;1;0
Dodge;D150;2004–2017;"12,3""";Андроид магнитола FYT 7862S, 12,3″, 8/128 ГБ, QLED;26400;Переходная рамка для Chrysler, Dodge, Jeep 2004 - 2017 для 12,3 дюйма магнитолы;050B;2330;Переходник Андроид магнитолы для Chrysler, Dodge, Jeep 1999-2007;4988;33718;ок;1;1;0
Dodge;D250;2004–2017;"12,3""";Андроид магнитола FYT 7862S, 12,3″, 8/128 ГБ, QLED;26400;Переходная рамка для Chrysler, Dodge, Jeep 2004 - 2017 для 12,3 дюйма магнитолы;050B;2330;Переходник Андроид магнитолы для Chrysler, Dodge, Jeep 1999-2007;4988;33718;ок;1;1;0
Dodge;D350);2004–2017;"12,3""";Андроид магнитола FYT 7862S, 12,3″, 8/128 ГБ, QLED;26400;Переходная рамка для Chrysler, Dodge, Jeep 2004 - 2017 для 12,3 дюйма магнитолы;050B;2330;Переходник Андроид магнитолы для Chrysler, Dodge, Jeep 1999-2007;4988;33718;ок;1;1;0
Dodge;Dakota;2004–2017;"12,3""";Андроид магнитола FYT 7862S, 12,3″, 8/128 ГБ, QLED;26400;Переходная рамка для Chrysler, Dodge, Jeep 2004 - 2017 для 12,3 дюйма магнитолы;050B;2330;Переходник Андроид магнитолы для Chrysler, Dodge, Jeep 1999-2007;4988;33718;ок;1;1;0
Dodge;Dart;2004–2017;"12,3""";Андроид магнитола FYT 7862S, 12,3″, 8/128 ГБ, QLED;26400;Переходная рамка для Chrysler, Dodge, Jeep 2004 - 2017 для 12,3 дюйма магнитолы;050B;2330;Переходник Андроид магнитолы для Chrysler, Dodge, Jeep 1999-2007;4988;33718;ок;1;1;0
Dodge;Diplomat;2004–2017;"12,3""";Андроид магнитола FYT 7862S, 12,3″, 8/128 ГБ, QLED;26400;Переходная рамка для Chrysler, Dodge, Jeep 2004 - 2017 для 12,3 дюйма магнитолы;050B;2330;Переходник Андроид магнитолы для Chrysler, Dodge, Jeep 1999-2007;4988;33718;ок;1;1;0
Dodge;Durango;2004–2017;"12,3""";Андроид магнитола FYT 7862S, 12,3″, 8/128 ГБ, QLED;26400;Переходная рамка для Chrysler, Dodge, Jeep 2004 - 2017 для 12,3 дюйма магнитолы;050B;2330;Переходник Андроид магнитолы для Chrysler, Dodge, Jeep 1999-2007;4988;33718;ок;1;1;0
Dodge;Grand Caravan;2004–2017;"12,3""";Андроид магнитола FYT 7862S, 12,3″, 8/128 ГБ, QLED;26400;Переходная рамка для Chrysler, Dodge, Jeep 2004 - 2017 для 12,3 дюйма магнитолы;050B;2330;Переходник Андроид магнитолы для Chrysler, Dodge, Jeep 1999-2007;4988;33718;ок;1;1;0
Dodge;Hornet;2004–2017;"12,3""";Андроид магнитола FYT 7862S, 12,3″, 8/128 ГБ, QLED;26400;Переходная рамка для Chrysler, Dodge, Jeep 2004 - 2017 для 12,3 дюйма магнитолы;050B;2330;Переходник Андроид магнитолы для Chrysler, Dodge, Jeep 1999-2007;4988;33718;ок;1;1;0
Dodge;Intrepid;2004–2017;"12,3""";Андроид магнитола FYT 7862S, 12,3″, 8/128 ГБ, QLED;26400;Переходная рамка для Chrysler, Dodge, Jeep 2004 - 2017 для 12,3 дюйма магнитолы;050B;2330;Переходник Андроид магнитолы для Chrysler, Dodge, Jeep 1999-2007;4988;33718;ок;1;1;0
Dodge;Journey;2004–2017;"12,3""";Андроид магнитола FYT 7862S, 12,3″, 8/128 ГБ, QLED;26400;Переходная рамка для Chrysler, Dodge, Jeep 2004 - 2017 для 12,3 дюйма магнитолы;050B;2330;Переходник Андроид магнитолы для Chrysler, Dodge, Jeep 1999-2007;4988;33718;ок;1;1;0
Dodge;Lancer;2004–2017;"12,3""";Андроид магнитола FYT 7862S, 12,3″, 8/128 ГБ, QLED;26400;Переходная рамка для Chrysler, Dodge, Jeep 2004 - 2017 для 12,3 дюйма магнитолы;050B;2330;Переходник Андроид магнитолы для Chrysler, Dodge, Jeep 1999-2007;4988;33718;ок;1;1;0
Dodge;Magnum;2004–2017;"12,3""";Андроид магнитола FYT 7862S, 12,3″, 8/128 ГБ, QLED;26400;Переходная рамка для Chrysler, Dodge, Jeep 2004 - 2017 для 12,3 дюйма магнитолы;050B;2330;Переходник Андроид магнитолы для Chrysler, Dodge, Jeep 1999-2007;4988;33718;ок;1;1;0
Dodge;Mirada;2004–2017;"12,3""";Андроид магнитола FYT 7862S, 12,3″, 8/128 ГБ, QLED;26400;Переходная рамка для Chrysler, Dodge, Jeep 2004 - 2017 для 12,3 дюйма магнитолы;050B;2330;Переходник Андроид магнитолы для Chrysler, Dodge, Jeep 1999-2007;4988;33718;ок;1;1;0
Dodge;Monaco;2004–2017;"12,3""";Андроид магнитола FYT 7862S, 12,3″, 8/128 ГБ, QLED;26400;Переходная рамка для Chrysler, Dodge, Jeep 2004 - 2017 для 12,3 дюйма магнитолы;050B;2330;Переходник Андроид магнитолы для Chrysler, Dodge, Jeep 1999-2007;4988;33718;ок;1;1;0
Dodge;Neon;2004–2017;"12,3""";Андроид магнитола FYT 7862S, 12,3″, 8/128 ГБ, QLED;26400;Переходная рамка для Chrysler, Dodge, Jeep 2004 - 2017 для 12,3 дюйма магнитолы;050B;2330;Переходник Андроид магнитолы для Chrysler, Dodge, Jeep 1999-2007;4988;33718;ок;1;1;0
Dodge;Polara;2004–2017;"12,3""";Андроид магнитола FYT 7862S, 12,3″, 8/128 ГБ, QLED;26400;Переходная рамка для Chrysler, Dodge, Jeep 2004 - 2017 для 12,3 дюйма магнитолы;050B;2330;Переходник Андроид магнитолы для Chrysler, Dodge, Jeep 1999-2007;4988;33718;ок;1;1;0
Dodge;Power Wagon;2004–2017;"12,3""";Андроид магнитола FYT 7862S, 12,3″, 8/128 ГБ, QLED;26400;Переходная рамка для Chrysler, Dodge, Jeep 2004 - 2017 для 12,3 дюйма магнитолы;050B;2330;Переходник Андроид магнитолы для Chrysler, Dodge, Jeep 1999-2007;4988;33718;ок;1;1;0
Dodge;ProMaster;2004–2017;"12,3""";Андроид магнитола FYT 7862S, 12,3″, 8/128 ГБ, QLED;26400;Переходная рамка для Chrysler, Dodge, Jeep 2004 - 2017 для 12,3 дюйма магнитолы;050B;2330;Переходник Андроид магнитолы для Chrysler, Dodge, Jeep 1999-2007;4988;33718;ок;1;1;0
Dodge;ProMaster City;2004–2017;"12,3""";Андроид магнитола FYT 7862S, 12,3″, 8/128 ГБ, QLED;26400;Переходная рамка для Chrysler, Dodge, Jeep 2004 - 2017 для 12,3 дюйма магнитолы;050B;2330;Переходник Андроид магнитолы для Chrysler, Dodge, Jeep 1999-2007;4988;33718;ок;1;1;0
Dodge;Ram 1500;2004–2017;"12,3""";Андроид магнитола FYT 7862S, 12,3″, 8/128 ГБ, QLED;26400;Переходная рамка для Chrysler, Dodge, Jeep 2004 - 2017 для 12,3 дюйма магнитолы;050B;2330;Переходник Андроид магнитолы для Chrysler, Dodge, Jeep 1999-2007;4988;33718;ок;1;1;0
Dodge;Ram 2500;2004–2017;"12,3""";Андроид магнитола FYT 7862S, 12,3″, 8/128 ГБ, QLED;26400;Переходная рамка для Chrysler, Dodge, Jeep 2004 - 2017 для 12,3 дюйма магнитолы;050B;2330;Переходник Андроид магнитолы для Chrysler, Dodge, Jeep 1999-2007;4988;33718;ок;1;1;0
Dodge;Ram 3500;2004–2017;"12,3""";Андроид магнитола FYT 7862S, 12,3″, 8/128 ГБ, QLED;26400;Переходная рамка для Chrysler, Dodge, Jeep 2004 - 2017 для 12,3 дюйма магнитолы;050B;2330;Переходник Андроид магнитолы для Chrysler, Dodge, Jeep 1999-2007;4988;33718;ок;1;1;0
Dodge;Ram Van;2004–2017;"12,3""";Андроид магнитола FYT 7862S, 12,3″, 8/128 ГБ, QLED;26400;Переходная рамка для Chrysler, Dodge, Jeep 2004 - 2017 для 12,3 дюйма магнитолы;050B;2330;Переходник Андроид магнитолы для Chrysler, Dodge, Jeep 1999-2007;4988;33718;ок;1;1;0
Dodge;Super Bee;2004–2017;"12,3""";Андроид магнитола FYT 7862S, 12,3″, 8/128 ГБ, QLED;26400;Переходная рамка для Chrysler, Dodge, Jeep 2004 - 2017 для 12,3 дюйма магнитолы;050B;2330;Переходник Андроид магнитолы для Chrysler, Dodge, Jeep 1999-2007;4988;33718;ок;1;1;0
Dodge;Viper;2004–2017;"12,3""";Андроид магнитола FYT 7862S, 12,3″, 8/128 ГБ, QLED;26400;Переходная рамка для Chrysler, Dodge, Jeep 2004 - 2017 для 12,3 дюйма магнитолы;050B;2330;Переходник Андроид магнитолы для Chrysler, Dodge, Jeep 1999-2007;4988;33718;ок;1;1;0
Ford;C-Max;2002–2010;"9""";Андроид магнитола FYT 7862S, 9″, 4/64 ГБ, QLED 2K;17000;Переходная рамка для Ford 2003 - 2016 9 дюймов универсальная (для замены прямоугольной маг-лы);FR 086N;686;Переходник для Android магнитолы для Ford 2003–2015 годов;600;18286;ок;1;4;0
Ford;EcoSport;2014–2019;"9""";Андроид магнитола FYT 7862S, 9″, 4/64 ГБ, QLED 2K;17000;Переходная рамка для Ford Ecosport 2014 - 2019 9 дюймов;TK599;1390;Переходник Android магнитолы для Ford c 2012 года;650;19040;ок;1;4;0
Ford;EcoSport;2014–2019;"12,3""";Андроид магнитола FYT 7862S, 12,3″, 8/128 ГБ, QLED;26400;Переходная рамка в Ford Ecosport 2014 - 2019 для 12,3 дюйма магнитолы;K238+K328;8932;Переходник Android магнитолы для Ford c 2012 года;650;35982;ок;1;4;0
Ford;Escape;2001–2007;"9""";Андроид магнитола FYT 7862S, 9″, 4/64 ГБ, QLED 2K;17000;Переходная рамка для Ford Escape 2001 - 2007, Mazda Tribute 2001 - 2005 9 дюймов;MA 061N;850;Переходник для Android магнитолы для Ford 2003–2015 годов;600;18450;ок;1;4;0
Ford;Escape;2007–2012;"9""";Андроид магнитола FYT 7862S, 9″, 4/64 ГБ, QLED 2K;17000;Переходная рамка для Ford Escape (II), Mazda Tribute (II) 2007 - 2012 9 дюймов (черная);FR 092N;772;Переходник для Android магнитолы для Ford 2003–2015 годов;600;18372;ок;2;4;0
Ford;Explorer;2001–2005;"9""";Андроид магнитола FYT 7862S, 9″, 4/64 ГБ, QLED 2K;17000;Переходная рамка в Ford Explorer 2001 - 2005 9 дюймов;FR 160N;1142;Переходник для Android магнитолы для Ford 2003–2015 годов;600;18742;ок;1;5;0
Ford;Explorer;2006–2010;"10""";Андроид магнитола FYT 7862S, 10″, 4/64 ГБ, QLED 2K;17100;Переходная рамка в Ford Explorer 2006 - 2010 10 дюймов;FR 184T;1940;Переходник для Android магнитолы для Ford 2003–2015 годов;600;19640;ок;1;5;0
Ford;Fiesta;2002–2010;"9""";Андроид магнитола FYT 7862S, 9″, 4/64 ГБ, QLED 2K;17000;Переходная рамка для Ford 2003 - 2016 9 дюймов универсальная (для замены прямоугольной маг-лы);FR 086N;686;Переходник для Android магнитолы для Ford 2003–2015 годов;600;18286;ок;1;4;0
Ford;Fiesta;2006–2008;"9""";Андроид магнитола FYT 7862S, 9″, 4/64 ГБ, QLED 2K;17000;Переходная рамка в Ford Fiesta 2006 - 2008 9 дюймов;FR 094N;1155;Переходник для Android магнитолы для Ford 2003–2015 годов;600;18755;ок;1;4;0
Ford;Fiesta;2009–2017;"9""";Андроид магнитола FYT 7862S, 9″, 4/64 ГБ, QLED 2K;17000;Переходная рамка для Ford Fiesta 2009 - 2017 9 дюймов;FR 103N;1368;Переходник для Android магнитолы для Ford 2003–2015 годов;600;18968;ок;1;4;0
Ford;Fiesta;2009–2017;"12,3""";Андроид магнитола FYT 7862S, 12,3″, 8/128 ГБ, QLED;26400;Переходная рамка в Ford Fiesta 2009 - 2017 для 12,3 дюйма магнитолы (черная);K387+K328;7599;Переходник для Android магнитолы для Ford 2003–2015 годов;600;34599;ок;1;4;0
Ford;Focus;1998–2005;"9""";Андроид магнитола FYT 7862S, 9″, 4/64 ГБ, QLED 2K;17000;Переходная рамка для Ford Focus 1998 - 2005 9 дюймов;FR 172N;1433;Переходник для Android магнитолы для Ford 2003–2015 годов;600;19033;ок;1;4;0
Ford;Focus;2002–2010;"9""";Андроид магнитола FYT 7862S, 9″, 4/64 ГБ, QLED 2K;17000;Переходная рамка для Ford 2003 - 2016 9 дюймов универсальная (для замены прямоугольной маг-лы);FR 086N;686;Переходник для Android магнитолы для Ford 2003–2015 годов;600;18286;ок;1;4;0
Ford;Focus;2005–2011;"9""";Андроид магнитола FYT 7862S, 9″, 4/64 ГБ, QLED 2K;17000;Переходная рамка для Ford Focus 2005 - 2011 (авто с кондиционером) 9 дюймов (черная);FR 126N;728;Переходник для Android магнитолы для Ford 2003–2015 годов;600;18328;ок;1;4;0
Ford;Focus;2005–2014;"10""";Андроид магнитола FYT 7862S, 10″, 4/64 ГБ, QLED 2K;17100;Переходная рамка для Ford Transit (6) 2006 - 2014 10 дюймов (для замены прямоугольной магнитолы);FR 134T;939;Переходник для Android магнитолы для Ford 2003–2015 годов;600;18639;ок;1;4;0
Ford;Focus;2008–2011;"9""";Андроид магнитола FYT 7862S, 9″, 4/64 ГБ, QLED 2K;17000;Переходная рамка для Ford Focus 2008 - 2011 (авто с климат контролем) 9 дюймов (черная);FR 127N;716;Переходник для Android магнитолы для Ford 2003–2015 годов;600;18316;ок;3;4;0
Ford;Focus;2011–2015;"9""";Андроид магнитола FYT 7862S, 9″, 4/64 ГБ, QLED 2K;17000;Переходная рамка для Ford Focus 2011 - 2015 9 дюймов;TK044 FB;2741;Переходник для Android магнитолы для Ford 2003–2015 годов;600;20341;ок;1;4;0
Ford;Focus;2011–2019;"9""";Андроид магнитола FYT 7862S, 9″, 4/64 ГБ, QLED 2K;17000;Переходная рамка для Ford Focus 2011 - 2019 9 дюймов Тип 2;TK044 RB;2411;Переходник Android магнитолы для Ford c 2012 года;650;20061;ок;3;4;0
Ford;Fusion;2002–2010;"9""";Андроид магнитола FYT 7862S, 9″, 4/64 ГБ, QLED 2K;17000;Переходная рамка для Ford 2003 - 2016 9 дюймов универсальная (для замены прямоугольной маг-лы);FR 086N;686;Переходник для Android магнитолы для Ford 2003–2015 годов;600;18286;ок;1;4;0
Ford;Galaxy;2002–2010;"9""";Андроид магнитола FYT 7862S, 9″, 4/64 ГБ, QLED 2K;17000;Переходная рамка для Ford 2003 - 2016 9 дюймов универсальная (для замены прямоугольной маг-лы);FR 086N;686;Переходник для Android магнитолы для Ford 2003–2015 годов;600;18286;ок;1;4;0
Ford;Galaxy;2006–2015;"9""";Андроид магнитола FYT 7862S, 9″, 4/64 ГБ, QLED 2K;17000;Переходная рамка для Ford S-Max 2006 - 2015 (авто с климат-контролем) 9 дюймов;FR 097N;1290;Переходник для Android магнитолы для Ford 2003–2015 годов;600;18890;ок;1;4;0
Ford;Kuga;2002–2010;"9""";Андроид магнитола FYT 7862S, 9″, 4/64 ГБ, QLED 2K;17000;Переходная рамка для Ford 2003 - 2016 9 дюймов универсальная (для замены прямоугольной маг-лы);FR 086N;686;Переходник для Android магнитолы для Ford 2003–2015 годов;600;18286;ок;1;4;0
Ford;Kuga;2008–2012;"9""";Андроид магнитола FYT 7862S, 9″, 4/64 ГБ, QLED 2K;17000;Переходная рамка в Ford Kuga 2008 - 2012 9 дюймов;FR 225N;2903;Переходник для Android магнитолы для Ford 2003–2015 годов;600;20503;ок;1;4;0
Ford;Kuga;2013–2019;"9""";Андроид магнитола FYT 7862S, 9″, 4/64 ГБ, QLED 2K;17000;Переходная рамка для Ford Kuga 2013 - 2019 9 дюймов;TK047;2264;Переходник Android магнитолы для Ford c 2012 года;650;19914;ок;2;4;0
Ford;Kuga;2016–2019;"9""";Андроид магнитола FYT 7862S, 9″, 4/64 ГБ, QLED 2K;17000;Установочный комплект для магнитолы 9 дюймов в Ford Kuga 2016 - 2019;KUGAMFBHI;10736;Переходник Android магнитолы для Ford c 2012 года;650;28386;ок;1;4;0
Ford;Mondeo;2000–2003;"9""";Андроид магнитола FYT 7862S, 9″, 4/64 ГБ, QLED 2K;17000;Переходная рамка для Ford Mondeo 2000 - 2003 9 дюймов (седан);FR 132N;2063;Переходник для Android магнитолы для Ford 2003–2015 годов;600;19663;ок;1;5;0
Ford;Mondeo;2004–2007;"9""";Андроид магнитола FYT 7862S, 9″, 4/64 ГБ, QLED 2K;17000;Переходная рамка для Ford Mondeo 2004 - 2007 9 дюймов Тип2;FR 170N;1911;Переходник для Android магнитолы для Ford 2003–2015 годов;600;19511;ок;1;5;0
Ford;Mondeo;2007–2010;"10""";Андроид магнитола FYT 7862S, 10″, 4/64 ГБ, QLED 2K;17100;Переходная рамка для Ford Mondeo 2007 - 2010 10 дюймов (авто без климат контроля) серебристая;AYMDOC012;1306;Переходник для Android магнитолы для Ford 2003–2015 годов;600;19006;ок;1;5;0
Ford;Mondeo;2010–2015;"10""";Андроид магнитола FYT 7862S, 10″, 4/64 ГБ, QLED 2K;17100;Переходная рамка для Ford Mondeo 2010 - 2015 черная (авто без Navi) 10 дюймов;FR 090T;1876;Переходник для Android магнитолы для Ford 2003–2015 годов;600;19576;ок;2;5;0
Ford;Ranger;2006–2010;"9""";Андроид магнитола FYT 7862S, 9″, 4/64 ГБ, QLED 2K;17000;Переходная рамка для Ford Ranger 2006 - 2010, Mazda BT-50 2006 - 2010 9 дюймов;FRAN06MFB;1137;Переходник для Android магнитолы для Ford 2003–2015 годов;600;18737;ок;1;4;0
Ford;S-Max;2002–2010;"9""";Андроид магнитола FYT 7862S, 9″, 4/64 ГБ, QLED 2K;17000;Переходная рамка для Ford 2003 - 2016 9 дюймов универсальная (для замены прямоугольной маг-лы);FR 086N;686;Переходник для Android магнитолы для Ford 2003–2015 годов;600;18286;ок;1;4;0
Ford;S-Max;2006–2015;"9""";Андроид магнитола FYT 7862S, 9″, 4/64 ГБ, QLED 2K;17000;Переходная рамка для Ford S-Max 2006 - 2015 (авто с климат-контролем) 9 дюймов;FR 097N;1290;Переходник для Android магнитолы для Ford 2003–2015 годов;600;18890;ок;1;4;0
Ford;Transit;1994–2000;"9""";Андроид магнитола FYT 7862S, 9″, 4/64 ГБ, QLED 2K;17000;Переходная рамка для Ford Transit 1994 - 2000 9 дюймов;FR 133N;1966;Переходник для Android магнитолы для Ford 2003–2015 годов;600;19566;ПРОВЕРИТЬ: годы проводки не совпали;1;4;0
Ford;Transit;2002–2010;"9""";Андроид магнитола FYT 7862S, 9″, 4/64 ГБ, QLED 2K;17000;Переходная рамка для Ford 2003 - 2016 9 дюймов универсальная (для замены прямоугольной маг-лы);FR 086N;686;Переходник для Android магнитолы для Ford 2003–2015 годов;600;18286;ок;1;4;0
Ford;Transit;2005–2014;"10""";Андроид магнитола FYT 7862S, 10″, 4/64 ГБ, QLED 2K;17100;Переходная рамка для Ford Transit (6) 2006 - 2014 10 дюймов (для замены прямоугольной магнитолы);FR 134T;939;Переходник для Android магнитолы для Ford 2003–2015 годов;600;18639;ок;1;4;0
Ford;Transit;2009–2013;"10""";Андроид магнитола FYT 7862S, 10″, 4/64 ГБ, QLED 2K;17100;Переходная рамка в Ford Transit Connect 2009 - 2013 10 дюймов;FR 227T;1866;Переходник для Android магнитолы для Ford 2003–2015 годов;600;19566;ок;1;4;0
Ford;Transit;2014–2025;"9""";Андроид магнитола FYT 7862S, 9″, 4/64 ГБ, QLED 2K;17000;Переходная рамка для Ford Transit 2014+ 9 дюймов (для комплектации с радио и без CD);FR 176N;1023;Переходник Андроид магнитолы для Ford 2012+ (Raize);3300;21323;ок;2;4;0
GMC;Yukon;2006–2010;"10""";Андроид магнитола FYT 7862S, 10″, 4/64 ГБ, QLED 2K;17100;Переходная рамка для Chevrolet Silverado, Tahoe 2007 - 2014 10 дюймов;CH 062T;1019;Переходник Андроид магнитолы для Chevrolet, GMC;4871;22990;ПРОВЕРИТЬ: годы проводки не совпали;1;1;0
Geely;Atlas;2016–2022;"9""";Андроид магнитола FYT 7862S, 9″, 4/64 ГБ, QLED 2K;17000;Переходная рамка для Geely Atlas 2016 - 2022 9 дюймов;FR-GE 102N;1047;Переходник Андроид магнитолы для Geely Atlas 2016-2022, Atlas PRO 2019+;1874;19921;ок;1;1;0
Geely;Atlas;2016–2022;"10""";Андроид магнитола FYT 7862S, 10″, 4/64 ГБ, QLED 2K;17100;Переходная рамка для Geely Atlas 2016 - 2022 10 дюймов;FR-GE 101T;1302;Переходник Андроид магнитолы для Geely Atlas 2016-2022, Atlas PRO 2019+;1874;20276;ок;1;1;0
Geely;Emgrand;2012–2014;"10""";Андроид магнитола FYT 7862S, 10″, 4/64 ГБ, QLED 2K;17100;Переходная рамка для Geely Emgrand EC7 2012 - 2014 10 дюймов;EM 006T;1188;Переходник Андроид магнитолы для Geely 2020+ (360);26138;44426;ПРОВЕРИТЬ: годы проводки не совпали;1;1;0
Geely;Emgrand;2013–2018;"9""";Андроид магнитола FYT 7862S, 9″, 4/64 ГБ, QLED 2K;17000;Переходная рамка для Geely Emgrand X7, GX7 2013 - 2018 9 дюймов;AYGX7A012;1179;Переходник Андроид магнитолы для Geely 2020+ (360);26138;44317;ок;1;1;0
Great Wall;Hover H3;2010–2014;"9""";Андроид магнитола FYT 7862S, 9″, 4/64 ГБ, QLED 2K;17000;Переходная рамка для Great Wall Hover H3 2010 - 2014, H5 2010 - 2012 9 дюймов;GR 028N;530;Переходник Андроид магнитолы для Great Wall H3, H5;590;18120;ок;1;3;0
Great Wall;Hover H5;2010–2014;"9""";Андроид магнитола FYT 7862S, 9″, 4/64 ГБ, QLED 2K;17000;Переходная рамка для Great Wall Hover H3 2010 - 2014, H5 2010 - 2012 9 дюймов;GR 028N;530;Переходник Андроид магнитолы для Great Wall H3, H5;590;18120;ок;1;3;0
Great Wall;Hover H6;2011–2017;"9""";Андроид магнитола FYT 7862S, 9″, 4/64 ГБ, QLED 2K;17000;Переходная рамка для Great Wall Hover H6 2011 - 2017 9 дюймов;TK262;783;Переходник Андроид магнитолы для Great Wall H3, H6;2450;20233;ок;1;1;0
Great Wall;Wingle;2018–2025;"10""";Андроид магнитола FYT 7862S, 10″, 4/64 ГБ, QLED 2K;17100;Переходная рамка для Great Wall Wingle 7 2018+ 10 дюймов;GR 031T;1174;Переходник Андроид магнитолы для Great Wall Wingle 7 2018+;653;18927;ок;1;1;0
Honda;Accord;1997–2002;"10""";Андроид магнитола FYT 7862S, 10″, 4/64 ГБ, QLED 2K;17100;Переходная рамка для Honda Accord 1997 - 2002 10 дюймов;HO 176T;2835;Переходник Андроид магнитолы для штатных систем Clarion;300;20235;ок;1;13;0
Honda;Accord;2002–2008;"10""";Андроид магнитола FYT 7862S, 10″, 4/64 ГБ, QLED 2K;17100;Установочный комплект для магнитол 10 дюймов в Honda Accord 2002 - 2008;TK669;6058;Переходник Андроид магнитолы для штатных систем Clarion;300;23458;ок;1;13;0
Honda;Accord;2002–2008;"12,3""";Андроид магнитола FYT 7862S, 12,3″, 8/128 ГБ, QLED;26400;Установочный комплект для магнитол 12.3 дюйма в Honda Accord 2002 - 2008 (левый руль) Тип2;K148+10I 11;10322;Переходник Андроид магнитолы для штатных систем Clarion;300;37022;ок;1;13;0
Honda;Accord;2008–2012;"9""";Андроид магнитола FYT 7862S, 9″, 4/64 ГБ, QLED 2K;17000;Переходная рамка для Honda Accord 2008 - 2012 9 дюймов (левый руль);TK1013;1254;Переходник Андроид магнитолы для Suzuki,Honda;650;18904;ок;1;13;0
Honda;Accord;2008–2012;"12,3""";Андроид магнитола FYT 7862S, 12,3″, 8/128 ГБ, QLED;26400;Переходная рамка в Honda Accord 2008 - 2012 для 12,3 дюйма магнитолы;33;1546;Переходник Андроид магнитолы для Suzuki,Honda;650;28596;ок;1;13;0
Honda;Accord;2012–2016;"10""";Андроид магнитола FYT 7862S, 10″, 4/64 ГБ, QLED 2K;17100;Переходная рамка для Honda Accord 2012 - 2016 10 дюймов (левый руль);TK025-20;1197;Переходник Андроид магнитолы для Honda 2008+;600;18897;ок;1;13;0
Honda;Accord;2013–2020;"10""";Андроид магнитола FYT 7862S, 10″, 4/64 ГБ, QLED 2K;17100;Переходная рамка для Honda Accord 2013 - 2020 10 дюймов (правый руль);HO 134T;1173;Переходник Андроид магнитолы для Honda 2008+;600;18873;ок;1;13;0
Honda;Accord;2017–2020;"9""";Андроид магнитола FYT 7862S, 9″, 4/64 ГБ, QLED 2K;17000;Переходная рамка в Honda Accord 2017+ 9 дюймов;TK0345;1486;Переходник Андроид магнитолы для Honda 2008+;600;19086;ок;1;13;0
Honda;Accord;2017–2023;"12,3""";Андроид магнитола FYT 7862S, 12,3″, 8/128 ГБ, QLED;26400;Переходная рамка для Honda Accord 2017+ для 12,3 дюйма магнитолы;034B;1314;Переходник Андроид магнитолы для Honda 2008+;600;28314;ок;1;13;0
Honda;Airwave;2005–2010;"9""";Андроид магнитола FYT 7862S, 9″, 4/64 ГБ, QLED 2K;17000;Переходная рамка для Honda Airwave 2005 - 2010 9 дюймов;HO 180N;1317;Переходник Андроид магнитолы для Honda 2005-2010;650;18967;ок;1;4;0
Honda;CR-V;1995–2001;"9""";Андроид магнитола FYT 7862S, 9″, 4/64 ГБ, QLED 2K;17000;Переходная рамка для Honda CR-V 1995 - 2001 9 дюймов;HO 126N;1022;Переходник Андроид магнитолы для штатных систем Clarion;300;18322;ок;1;13;0
Honda;CR-V;2001–2006;"9""";Андроид магнитола FYT 7862S, 9″, 4/64 ГБ, QLED 2K;17000;Переходная рамка для Honda CR-V 2001 - 2006 9 дюймов;HO 127N;1155;Переходник Андроид магнитолы для штатных систем Clarion;300;18455;ок;1;13;0
Honda;CR-V;2007–2010;"9""";Андроид магнитола FYT 7862S, 9″, 4/64 ГБ, QLED 2K;17000;Переходная рамка для Honda CR-V 2007 - 2012 9 дюймов;HO 090N;575;Переходник Андроид магнитолы для штатных систем Clarion;300;17875;ок;1;13;0
Honda;CR-V;2007–2012;"12,3""";Андроид магнитола FYT 7862S, 12,3″, 8/128 ГБ, QLED;26400;Переходная рамка в Honda CR-V 2007 — 2012 для 12,3 дюйма магнитолы;K59+CL-5+K328;6929;Переходник Андроид магнитолы для Suzuki,Honda;650;33979;ок;1;13;0
Honda;CR-V;2012–2017;"9""";Андроид магнитола FYT 7862S, 9″, 4/64 ГБ, QLED 2K;17000;Переходная рамка для Honda CR-V 2012 - 2017 9 дюймов;HO 118N;628;Переходник Андроид магнитолы для Honda 2008+;600;18228;ок;1;13;0
Honda;CR-V;2012–2017;"10""";Андроид магнитола FYT 7862S, 10″, 4/64 ГБ, QLED 2K;17100;Переходная рамка для Honda CR-V 2012 - 2017 10 дюймов;TK012;1377;Переходник Андроид магнитолы для Honda 2008+;600;19077;ок;1;13;0
Honda;CR-V;2012–2017;"12,3""";Андроид магнитола FYT 7862S, 12,3″, 8/128 ГБ, QLED;26400;Переходная рамка для Honda CR-V 2012 - 2017 для 12,3 дюйма магнитолы (взамен БК) левый руль;TK 3010;2427;Переходник Андроид магнитолы для Honda 2008+;600;29427;ок;1;13;0
Honda;CR-V;2016–2023;"9""";Андроид магнитола FYT 7862S, 9″, 4/64 ГБ, QLED 2K;17000;Переходная рамка для Honda CR-V 2016 - 2023 9 дюймов;HO 099N;1238;Переходник Андроид магнитолы для Honda 2008+;600;18838;ок;1;13;0
Honda;CR-V;2016–2023;"12,3""";Андроид магнитола FYT 7862S, 12,3″, 8/128 ГБ, QLED;26400;Переходная рамка для Honda CR-V 2016 - 2023 для 12,3 дюйма магнитолы;TK 3004;1258;Переходник Андроид магнитолы для Honda 2008+;600;28258;ок;1;13;0
Honda;CR-V;2023–2026;"10""";Андроид магнитола FYT 7862S, 10″, 4/64 ГБ, QLED 2K;17100;Переходная рамка в Honda CR-V 2023+ 10 дюймов;HO 243T;1790;Переходник Андроид магнитолы для Honda 2008+;600;19490;ок;1;13;0
Honda;CR-V;2023–2026;"12,3""";Андроид магнитола FYT 7862S, 12,3″, 8/128 ГБ, QLED;26400;Переходная рамка для Honda CR-V 2023+ для 12,3 дюйма магнитолы;040B;1550;Переходник Андроид магнитолы для Honda 2008+;600;28550;ок;1;13;0
Honda;CR-Z;2010–2017;"9""";Андроид магнитола FYT 7862S, 9″, 4/64 ГБ, QLED 2K;17000;Переходная рамка для Honda CR-Z 2010+ 9 дюймов;HO 145N;1175;Переходник Андроид магнитолы для Honda 2008+;600;18775;ок;1;4;0
Honda;Civic;1996–1999;"9""";Андроид магнитола FYT 7862S, 9″, 4/64 ГБ, QLED 2K;17000;Переходная рамка для Honda Civic 1996 - 1999 9 дюймов (правый руль);HO 146N;1441;Переходник Андроид магнитолы для штатных систем Clarion;300;18741;ок;1;7;0
Honda;Civic;1996–2001;"9""";Андроид магнитола FYT 7862S, 9″, 4/64 ГБ, QLED 2K;17000;Переходная рамка для Honda Civic 1996 - 2001 9 дюймов (правый руль);HO 187N;1803;Переходник Андроид магнитолы для штатных систем Clarion;300;19103;ок;1;7;0
Honda;Civic;1998–2000;"9""";Андроид магнитола FYT 7862S, 9″, 4/64 ГБ, QLED 2K;17000;Переходная рамка для Honda Civic 1998 - 2000 9 дюймов (правый руль);HO 138N;1100;Переходник Андроид магнитолы для штатных систем Clarion;300;18400;ок;1;7;0
Honda;Civic;2001–2006;"9""";Андроид магнитола FYT 7862S, 9″, 4/64 ГБ, QLED 2K;17000;Переходная рамка в Honda Civic 2001 - 2006 9 дюймов (левый руль) кондиционер, черная;HO 174N;1460;Переходник Андроид магнитолы для штатных систем Clarion;300;18760;ок;1;7;0
Honda;Civic;2006–2006;"9""";Андроид магнитола FYT 7862S, 9″, 4/64 ГБ, QLED 2K;17000;Переходная рамка для Honda Civic 2000 - 2006 9 дюймов (правый руль);HO 125N;1313;Переходник Андроид магнитолы для штатных систем Clarion;300;18613;ок;1;7;0
Honda;Civic;2006–2011;"9""";Андроид магнитола FYT 7862S, 9″, 4/64 ГБ, QLED 2K;17000;Переходная рамка для Honda Civic 2006 - 2011 9 дюймов (левый руль, хэтчбэк);HO 107N;1289;Переходник Андроид магнитолы для Suzuki,Honda;650;18939;ок;2;7;0
Honda;Civic;2006–2011;"10""";Андроид магнитола FYT 7862S, 10″, 4/64 ГБ, QLED 2K;17100;Переходная рамка для Honda Civic 2006 - 2011 10 дюймов (седан), левый руль;AYCVCH012;1356;Переходник Андроид магнитолы для Suzuki,Honda;650;19106;ок;2;7;0
Honda;Civic;2006–2011;"12,3""";Андроид магнитола FYT 7862S, 12,3″, 8/128 ГБ, QLED;26400;Переходная рамка в Honda Civic 2006 - 2011 для 12,3 дюйма магнитолы (седан), левый руль;193;7402;Переходник Андроид магнитолы для Suzuki,Honda;650;34452;ок;2;7;0
Honda;Civic;2012–2017;"9""";Андроид магнитола FYT 7862S, 9″, 4/64 ГБ, QLED 2K;17000;Переходная рамка для Honda Civic 2012 - 2017 9 дюймов (хэтч.) левый руль;HO 108N;1284;Переходник Андроид магнитолы для Honda 2008+;600;18884;ок;1;7;0
Honda;Civic;2015–2021;"9""";Андроид магнитола FYT 7862S, 9″, 4/64 ГБ, QLED 2K;17000;Переходная рамка для Honda Civic 2015 - 2021 9 дюймов;HO 085N;999;Переходник Андроид магнитолы для Honda 2008+;600;18599;ок;1;7;0
Honda;Civic;2021–2026;"10""";Андроид магнитола FYT 7862S, 10″, 4/64 ГБ, QLED 2K;17100;Переходная рамка в Honda Civic 2021+ 10 дюймов;HO 196T;1431;Переходник Андроид магнитолы для Honda 2008+;600;19131;ок;1;7;0
Honda;Civic;2021–2026;"12,3""";Андроид магнитола FYT 7862S, 12,3″, 8/128 ГБ, QLED;26400;Переходная рамка в Honda Civic 2021+ для 12,3 дюйма магнитолы;35;2109;Переходник Андроид магнитолы для Honda 2008+;600;29109;ок;1;7;0
Honda;Crossroad;2007–2010;"9""";Андроид магнитола FYT 7862S, 9″, 4/64 ГБ, QLED 2K;17000;Переходная рамка для Honda Crossroad 2007 - 2010 9 дюймов;HO 192N;1395;Переходник Андроид магнитолы для Honda 2005-2010;650;19045;ок;1;4;0
Honda;Edix;2004–2008;"10""";Андроид магнитола FYT 7862S, 10″, 4/64 ГБ, QLED 2K;17100;Переходная рамка для Honda Edix 2004 - 2009 10 дюймов;HO 211T;942;Переходник Андроид магнитолы для Honda 2005-2010;650;18692;ок;1;4;0
Honda;Element;2002–2011;"10""";Андроид магнитола FYT 7862S, 10″, 4/64 ГБ, QLED 2K;17100;Переходная рамка для Honda Element 2002 - 2011 10 дюймов;HO 202T;2045;Переходник Андроид магнитолы для Honda 2005-2010;650;19795;ок;1;4;0
Honda;Fit;2001–2007;"9""";Андроид магнитола FYT 7862S, 9″, 4/64 ГБ, QLED 2K;17000;Переходная рамка для Honda Fit, Jazz 2001 - 2007 9 дюймов (для авто с мех. печью) (п. руль);HO 102N;1037;Переходник Андроид магнитолы для штатных систем Clarion;300;18337;ок;3;6;0
Honda;Fit;2007–2013;"10""";Андроид магнитола FYT 7862S, 10″, 4/64 ГБ, QLED 2K;17100;Переходная рамка для Honda Fit, Jazz 2007 - 2013 10 дюймов (левый руль);HO 098T;1179;Переходник Андроид магнитолы для штатных систем Clarion;300;18579;ок;3;6;0
Honda;Fit;2007–2013;"12,3""";Андроид магнитола FYT 7862S, 12,3″, 8/128 ГБ, QLED;26400;Переходная рамка в Honda Fit, Jazz 2007 — 2013 для 12,3 дюйма магнитолы (правый руль);K117 PA1;4604;Переходник Андроид магнитолы для штатных систем Clarion;300;31304;ок;1;6;0
Honda;Fit;2013–2020;"9""";Андроид магнитола FYT 7862S, 9″, 4/64 ГБ, QLED 2K;17000;Переходная рамка для Honda Fit, Jazz 2013 - 2020 9 дюймов (правый руль);TK511;917;Переходник Андроид магнитолы для Honda 2008+;600;18517;ок;2;6;0
Honda;Fit;2013–2020;"10""";Андроид магнитола FYT 7862S, 10″, 4/64 ГБ, QLED 2K;17100;Переходная рамка для Honda Fit, Jazz 2013 - 2020 10 дюймов (правый руль);HFIT13MFA;1132;Переходник Андроид магнитолы для Honda 2008+;600;18832;ок;1;6;0
Honda;Fit;2013–2020;"12,3""";Андроид магнитола FYT 7862S, 12,3″, 8/128 ГБ, QLED;26400;Переходная рамка для Honda Fit, Jazz 2013 - 2020 для 12,3 дюйма магнитолы (правый руль);082B;1287;Переходник Андроид магнитолы для Honda 2008+;600;28287;ок;1;6;0
Honda;Fit;2019–2026;"10""";Андроид магнитола FYT 7862S, 10″, 4/64 ГБ, QLED 2K;17100;Переходная рамка для Honda Fit 2019+ 10 дюймов (правый руль) Тип2;HO 207T;974;Переходник Андроид магнитолы для Honda 2008+;600;18674;ок;2;6;0
Honda;Freed;2008–2016;"10""";Андроид магнитола FYT 7862S, 10″, 4/64 ГБ, QLED 2K;17100;Переходная рамка для Honda Freed 2008 - 2016 10 дюймов;HO 124T;1130;Переходник Андроид магнитолы для Honda 2008+;600;18830;ок;2;5;0
Honda;Freed;2016–2024;"9""";Андроид магнитола FYT 7862S, 9″, 4/64 ГБ, QLED 2K;17000;Переходная рамка для Honda Freed 2016 - 2024 9 дюймов;TK596;1557;Переходник Андроид магнитолы для Honda 2008+;600;19157;ок;1;5;0
Honda;Freed;2024–2026;"10""";Андроид магнитола FYT 7862S, 10″, 4/64 ГБ, QLED 2K;17100;Переходная рамка в Honda Freed 2024+ 10 дюймов;HO 255T;1416;Переходник Андроид магнитолы для Honda 2008+;600;19116;ок;1;5;0
Honda;Grace;2014–2020;"10""";Андроид магнитола FYT 7862S, 10″, 4/64 ГБ, QLED 2K;17100;Переходная рамка для Honda Grace 2014 - 2020 10 дюймов;HO 082T;1123;Переходник Андроид магнитолы для Honda 2008+;600;18823;ок;1;4;0
Honda;Insight;2009–2014;"9""";Андроид магнитола FYT 7862S, 9″, 4/64 ГБ, QLED 2K;17000;Переходная рамка для Honda Insight 2009 - 2014 9 дюймов;HO 143N;821;Переходник Андроид магнитолы для Honda 2008+;600;18421;ок;1;4;0
Honda;Integra;2001–2006;"9""";Андроид магнитола FYT 7862S, 9″, 4/64 ГБ, QLED 2K;17000;Переходная рамка для Honda Integra 2001 - 2006 9 дюймов;HO 203N;3804;Переходник Андроид магнитолы для штатных систем Clarion;300;21104;ок;1;5;0
Honda;Jazz;2001–2007;"9""";Андроид магнитола FYT 7862S, 9″, 4/64 ГБ, QLED 2K;17000;Переходная рамка для Honda Fit, Jazz 2001 - 2007 9 дюймов (для авто с мех. печью) (п. руль);HO 102N;1037;Переходник Андроид магнитолы для штатных систем Clarion;300;18337;ок;3;5;0
Honda;Jazz;2007–2013;"10""";Андроид магнитола FYT 7862S, 10″, 4/64 ГБ, QLED 2K;17100;Переходная рамка для Honda Fit, Jazz 2007 - 2013 10 дюймов (левый руль);HO 098T;1179;Переходник Андроид магнитолы для штатных систем Clarion;300;18579;ок;3;5;0
Honda;Jazz;2007–2013;"12,3""";Андроид магнитола FYT 7862S, 12,3″, 8/128 ГБ, QLED;26400;Переходная рамка в Honda Fit, Jazz 2007 — 2013 для 12,3 дюйма магнитолы (правый руль);K117 PA1;4604;Переходник Андроид магнитолы для штатных систем Clarion;300;31304;ок;1;5;0
Honda;Jazz;2013–2020;"9""";Андроид магнитола FYT 7862S, 9″, 4/64 ГБ, QLED 2K;17000;Переходная рамка для Honda Fit, Jazz 2013 - 2020 9 дюймов (правый руль);TK511;917;Переходник Андроид магнитолы для Honda 2008+;600;18517;ок;2;5;0
Honda;Jazz;2013–2020;"10""";Андроид магнитола FYT 7862S, 10″, 4/64 ГБ, QLED 2K;17100;Переходная рамка для Honda Fit, Jazz 2013 - 2020 10 дюймов (правый руль);HFIT13MFA;1132;Переходник Андроид магнитолы для Honda 2008+;600;18832;ок;1;5;0
Honda;Jazz;2013–2020;"12,3""";Андроид магнитола FYT 7862S, 12,3″, 8/128 ГБ, QLED;26400;Переходная рамка для Honda Fit, Jazz 2013 - 2020 для 12,3 дюйма магнитолы (правый руль);082B;1287;Переходник Андроид магнитолы для Honda 2008+;600;28287;ок;1;5;0
Honda;Jazz;2020–2026;"10""";Андроид магнитола FYT 7862S, 10″, 4/64 ГБ, QLED 2K;17100;Переходная рамка для Honda Jazz 2020+ 10 дюймов (левый руль);HO 175T;840;Переходник Андроид магнитолы для Honda 2008+;600;18540;ок;1;5;0
Honda;Mobilio;2002–2005;"9""";Андроид магнитола FYT 7862S, 9″, 4/64 ГБ, QLED 2K;17000;Переходная рамка для Honda Mobilio, Mobilio Spike 2001 - 2008 9 дюймов;HO 165N;1136;Переходник Андроид магнитолы для Honda 2005-2010;650;18786;ок;1;4;0
Honda;N-BOX;2011–2017;"9""";Андроид магнитола FYT 7862S, 9″, 4/64 ГБ, QLED 2K;17000;Переходная рамка для Honda N-BOX 2011 - 2017, Slash 2014 - 2020, N-BOX+ 2012 - 2018 9 дюймов;HO 204N;1034;Переходник Андроид магнитолы для Honda 2008+;600;18634;ок;1;5;0
Honda;N-BOX;2017–2026;"10""";Андроид магнитола FYT 7862S, 10″, 4/64 ГБ, QLED 2K;17100;Переходная рамка для Honda N-BOX 2017+, N-WGN 2019+, N-ONE 2020+ 10 дюймов;HO 149T;1133;Переходник Андроид магнитолы для Honda 2008+;600;18833;ок;1;5;0
Honda;N-BOX;2023–2026;"10""";Андроид магнитола FYT 7862S, 10″, 4/64 ГБ, QLED 2K;17100;Переходная рамка в Honda N-BOX 2023+ 10 дюймов;HO 256T;2615;Переходник Андроид магнитолы для Honda 2008+;600;20315;ок;1;5;0
Honda;N-ONE;2017–2026;"10""";Андроид магнитола FYT 7862S, 10″, 4/64 ГБ, QLED 2K;17100;Переходная рамка для Honda N-BOX 2017+, N-WGN 2019+, N-ONE 2020+ 10 дюймов;HO 149T;1133;Переходник Андроид магнитолы для Honda 2008+;600;18833;ок;1;5;0
Honda;N-WGN;2013–2019;"9""";Андроид магнитола FYT 7862S, 9″, 4/64 ГБ, QLED 2K;17000;Переходная рамка для Honda N-WGN 2013 - 2019 9 дюймов;HO 179N;1991;Переходник Андроид магнитолы для Honda 2008+;600;19591;ок;1;5;0
Honda;N-WGN;2017–2026;"10""";Андроид магнитола FYT 7862S, 10″, 4/64 ГБ, QLED 2K;17100;Переходная рамка для Honda N-BOX 2017+, N-WGN 2019+, N-ONE 2020+ 10 дюймов;HO 149T;1133;Переходник Андроид магнитолы для Honda 2008+;600;18833;ок;1;5;0
Honda;Odyssey;1994–1999;"9""";Андроид магнитола FYT 7862S, 9″, 4/64 ГБ, QLED 2K;17000;Переходная рамка для Honda Odyssey 1994 - 1999 9 дюймов;HO 148N;2194;Переходник Андроид магнитолы для Suzuki,Honda;650;19844;ок;1;8;0
Honda;Odyssey;1998–2003;"9""";Андроид магнитола FYT 7862S, 9″, 4/64 ГБ, QLED 2K;17000;Переходная рамка в Honda Odyssey 1998 - 2003 9 дюймов (правый руль);HO 257N;1972;Переходник Андроид магнитолы для Suzuki,Honda;650;19622;ок;1;8;0
Honda;Odyssey;2003–2008;"10""";Андроид магнитола FYT 7862S, 10″, 4/64 ГБ, QLED 2K;17100;Переходная рамка для Honda Odyssey 2003 - 2008 10 дюймов;HO 119T;1529;Переходник Андроид магнитолы для Suzuki,Honda;650;19279;ок;1;8;0
Honda;Odyssey;2008–2013;"9""";Андроид магнитола FYT 7862S, 9″, 4/64 ГБ, QLED 2K;17000;Переходная рамка для Honda Odyssey 2008 - 2013 9 дюймов (правый руль);HO 237N;1894;Переходник Андроид магнитолы для Suzuki,Honda;650;19544;ок;1;8;0
Honda;Odyssey;2013–2017;"10""";Андроид магнитола FYT 7862S, 10″, 4/64 ГБ, QLED 2K;17100;Переходная рамка для Honda Odyssey 2013 - 2017 10 дюймов;HO 117T;1319;Переходник Андроид магнитолы для Honda 2008+;600;19019;ок;1;8;0
Honda;Pilot;2002–2004;"9""";Андроид магнитола FYT 7862S, 9″, 4/64 ГБ, QLED 2K;17000;Переходная рамка для Honda Pilot 2002 - 2004 9 дюймов;HO 215N;3378;Переходник Андроид магнитолы для Honda 2008+;600;20978;ПРОВЕРИТЬ: годы проводки не совпали;1;4;0
Honda;Ridgeline;2005–2015;"9""";Андроид магнитола FYT 7862S, 9″, 4/64 ГБ, QLED 2K;17000;Переходная рамка для Honda Ridgeline 2005 - 2015 9 дюймов;HO 214N;926;Переходник Андроид магнитолы для Suzuki,Honda;650;18576;ок;1;6;0
Honda;Shuttle;2015–2024;"9""";Андроид магнитола FYT 7862S, 9″, 4/64 ГБ, QLED 2K;17000;Переходная рамка для Honda Shuttle 2015+ 9 дюймов;TK563;1186;Переходник Андроид магнитолы для Honda 2008+;600;18786;ок;1;5;0
Honda;Slash;2011–2017;"9""";Андроид магнитола FYT 7862S, 9″, 4/64 ГБ, QLED 2K;17000;Переходная рамка для Honda N-BOX 2011 - 2017, Slash 2014 - 2020, N-BOX+ 2012 - 2018 9 дюймов;HO 204N;1034;Переходник Андроид магнитолы для Honda 2008+;600;18634;ок;1;4;0
Honda;Spike;2002–2005;"9""";Андроид магнитола FYT 7862S, 9″, 4/64 ГБ, QLED 2K;17000;Переходная рамка для Honda Mobilio, Mobilio Spike 2001 - 2008 9 дюймов;HO 165N;1136;Переходник Андроид магнитолы для Honda 2005-2010;650;18786;ок;1;4;0
Honda;Stepwgn;1996–1999;"9""";Андроид магнитола FYT 7862S, 9″, 4/64 ГБ, QLED 2K;17000;Переходная рамка для Honda Stepwgn 1996 - 1999 10 дюймов;HO 193T;1309;Переходник Андроид магнитолы для Honda 2008+;600;18909;ПРОВЕРИТЬ: годы проводки не совпали;1;8;0
Honda;Stepwgn;2003–2005;"9""";Андроид магнитола FYT 7862S, 9″, 4/64 ГБ, QLED 2K;17000;Переходная рамка для Honda Stepwgn 2003 - 2005 9 дюймов;HO 208N;882;Переходник Андроид магнитолы для Honda 2005-2010;650;18532;ок;1;8;0
Honda;Stepwgn;2005–2009;"9""";Андроид магнитола FYT 7862S, 9″, 4/64 ГБ, QLED 2K;17000;Переходная рамка для Honda Stepwgn 2005 - 2009 9 дюймов;HO 147N;1420;Переходник Андроид магнитолы для Honda 2005-2010;650;19070;ок;1;8;0
Honda;Stepwgn;2009–2015;"10""";Андроид магнитола FYT 7862S, 10″, 4/64 ГБ, QLED 2K;17100;Переходная рамка для Honda Stepwgn 2009 - 2015 10 дюймов (правый руль);HO 154T;1393;Переходник Андроид магнитолы для Honda 2008+;600;19093;ок;1;8;0
Honda;Stepwgn;2015–2021;"10""";Андроид магнитола FYT 7862S, 10″, 4/64 ГБ, QLED 2K;17100;Переходная рамка для Honda Stepwgn 2015 - 2021 10 дюймов (правый руль);HO 129T;1746;Переходник Андроид магнитолы для Honda 2008+;600;19446;ок;1;8;0
Honda;Stepwgn;2022–2026;"10""";Андроид магнитола FYT 7862S, 10″, 4/64 ГБ, QLED 2K;17100;Переходная рамка для Honda Stepwgn 2022+ 10 дюймов (правый руль);HO 235T;1684;Переходник Андроид магнитолы для Honda 2008+;600;19384;ок;1;8;0
Honda;Stepwgn;2022–2026;"12,3""";Андроид магнитола FYT 7862S, 12,3″, 8/128 ГБ, QLED;26400;Переходная рамка для Honda Stepwgn 2022+ для 12,3 дюйма магнитолы;061B;2188;Переходник Андроид магнитолы для Honda 2008+;600;29188;ок;1;8;0
Honda;Stream;2000–2006;"9""";Андроид магнитола FYT 7862S, 9″, 4/64 ГБ, QLED 2K;17000;Переходная рамка для Honda Stream 2000 - 2006 9 дюймов;HO 140N;1489;Переходник Андроид магнитолы для штатных систем Clarion;300;18789;ок;1;6;0
Honda;Stream;2003–2006;"9""";Андроид магнитола FYT 7862S, 9″, 4/64 ГБ, QLED 2K;17000;Переходная рамка для Honda Stream 2003 - 2006 9 дюймов;HO 159N;936;Переходник Андроид магнитолы для штатных систем Clarion;300;18236;ок;1;6;0
Honda;Stream;2006–2014;"10""";Андроид магнитола FYT 7862S, 10″, 4/64 ГБ, QLED 2K;17100;Переходная рамка для Honda Stream 2006 - 2014 10 дюймов;HO 123T;2174;Переходник Андроид магнитолы для Suzuki,Honda;650;19924;ок;1;6;0
Honda;Vezel;2013–2020;"12,3""";Андроид магнитола FYT 7862S, 12,3″, 8/128 ГБ, QLED;26400;Переходная рамка для Honda Vezel 2013 - 2021 для 12,3 дюйма магнитолы;138B;2268;Переходник Андроид магнитолы для Honda 2008+;600;29268;ок;1;7;0
Honda;Vezel;2013–2021;"9""";Андроид магнитола FYT 7862S, 9″, 4/64 ГБ, QLED 2K;17000;Переходная рамка для Honda Vezel 2013 - 2021 9 дюймов;HO 114N;474;Переходник Андроид магнитолы для Honda 2008+;600;18074;ок;1;7;0
Honda;Vezel;2013–2021;"10""";Андроид магнитола FYT 7862S, 10″, 4/64 ГБ, QLED 2K;17100;Переходная рамка для Honda Vezel 2013 - 2021 10 дюймов (левый руль);TK112;802;Переходник Андроид магнитолы для Honda 2008+;600;18502;ок;2;7;0
Honda;Vezel;2021–2026;"9""";Андроид магнитола FYT 7862S, 9″, 4/64 ГБ, QLED 2K;17000;Переходная рамка для Honda Vezel 2021+ 9 дюймов;HO 205N;828;Переходник Андроид магнитолы для Honda 2008+;600;18428;ок;1;7;0
Honda;Vezel;2021–2026;"10""";Андроид магнитола FYT 7862S, 10″, 4/64 ГБ, QLED 2K;17100;Переходная рамка для Honda Vezel 2021+, XR-V 2022+ 10 дюймов;HO 219T;1477;Переходник Андроид магнитолы для Honda 2008+;600;19177;ок;2;7;0
Honda;Vezel;2021–2026;"12,3""";Андроид магнитола FYT 7862S, 12,3″, 8/128 ГБ, QLED;26400;Переходная рамка для Honda Vezel 2021+ для 12,3 дюйма магнитолы;182B;2811;Переходник Андроид магнитолы для Honda 2008+;600;29811;ок;1;7;0
Honda;WR-V;2024–2026;"10""";Андроид магнитола FYT 7862S, 10″, 4/64 ГБ, QLED 2K;17100;Переходная рамка в Honda WR-V 2024+ 10 дюймов;HO 258T;2204;Переходник Андроид магнитолы для Honda 2008+;600;19904;ок;1;4;0
Honda;ZR-V;2022–2026;"10""";Андроид магнитола FYT 7862S, 10″, 4/64 ГБ, QLED 2K;17100;Переходная рамка для Honda ZR-V 2022+ 10 дюймов;HO 247T;2394;Переходник Андроид магнитолы для Honda 2008+;600;20094;ок;2;4;0
Honda;ZR-V;2022–2026;"12,3""";Андроид магнитола FYT 7862S, 12,3″, 8/128 ГБ, QLED;26400;Переходная рамка в Honda ZR-V 2022+ для 12,3 дюйма магнитолы;TK3133;2137;Переходник Андроид магнитолы для Honda 2008+;600;29137;ок;1;4;0
Hummer;H2;2002–2007;"9""";Андроид магнитола FYT 7862S, 9″, 4/64 ГБ, QLED 2K;17000;Переходная рамка для Hummer H2 2002 - 2007 9 дюймов;HU 004N;5358;Переходник Андроид магнитолы для Hummer H2 2002-2007, H3 2005-2013;527;22885;ок;1;3;0
Hummer;H2;2006–2010;"10""";Андроид магнитола FYT 7862S, 10″, 4/64 ГБ, QLED 2K;17100;Переходная рамка для Chevrolet Silverado, Tahoe 2007 - 2014 10 дюймов;CH 062T;1019;Переходник Андроид магнитолы для Hummer H2 2002-2007, H3 2005-2013;527;18646;ок;1;3;0
Hummer;H3;2005–2010;"9""";Андроид магнитола FYT 7862S, 9″, 4/64 ГБ, QLED 2K;17000;Переходная рамка для Hummer H3 2005 - 2010 9 дюймов;HU 003N;1470;Переходник Андроид магнитолы для Hummer H2 2002-2007, H3 2005-2013;527;18997;ок;1;4;0
Hummer;H3;2005–2010;"12,3""";Андроид магнитола FYT 7862S, 12,3″, 8/128 ГБ, QLED;26400;Переходная рамка в Hummer H3 2005 - 2010 для 12,3 дюйма магнитолы;K131+002+V5+AL19+10I;18017;Переходник Андроид магнитолы для Hummer H2 2002-2007, H3 2005-2013;527;44944;ок;1;4;0
Hyundai;Accent;1999–2012;"9""";Андроид магнитола FYT 7862S, 9″, 4/64 ГБ, QLED 2K;17000;Переходная рамка для Hyundai Accent 1999 - 2012 9 дюймов;HY 210N;1236;Переходник Андроид магнитолы для Hyundai,KIA 1995-2010;530;18766;ок;1;6;0
Hyundai;Accent;2009–2012;"9""";Андроид магнитола FYT 7862S, 9″, 4/64 ГБ, QLED 2K;17000;Переходная рамка для Hyundai Accent 2009 - 2012 9 дюймов;HY 132N;1068;Переходник Андроид магнитолы для Hyundai,KIA 2009+;650;18718;ок;1;6;0
Hyundai;Avante;2006–2011;"9""";Андроид магнитола FYT 7862S, 9″, 4/64 ГБ, QLED 2K;17000;Переходная рамка для Hyundai Elantra, Avante 2006 - 2011 9 дюймов;HY 126N;1161;Переходник Андроид магнитолы для ISO Hyundai,KIA;400;18561;ок;1;8;0
Hyundai;Avante;2006–2011;"12,3""";Андроид магнитола FYT 7862S, 12,3″, 8/128 ГБ, QLED;26400;Переходная рамка в Hyundai Elantra, Avante 2006 - 2011 для 12,3 дюйма магнитолы;K278+K328;6377;Переходник Андроид магнитолы для ISO Hyundai,KIA;400;33177;ок;1;8;0
Hyundai;Avante;2010–2013;"9""";Андроид магнитола FYT 7862S, 9″, 4/64 ГБ, QLED 2K;17000;Переходная рамка для Hyundai Elantra, Avante 2010 - 2013 9 дюймов;TK517;1046;Переходник Андроид магнитолы для Hyundai,KIA 2009+;650;18696;ок;1;8;0
Hyundai;Avante;2010–2013;"12,3""";Андроид магнитола FYT 7862S, 12,3″, 8/128 ГБ, QLED;26400;Переходная рамка в Hyundai Elantra, Avante 2010 - 2013 для 12,3 дюйма магнитолы;K335+10I 11;5577;Переходник Андроид магнитолы для Hyundai,KIA 2009+;650;32627;ок;1;8;0
Hyundai;Avante;2013–2016;"9""";Андроид магнитола FYT 7862S, 9″, 4/64 ГБ, QLED 2K;17000;Переходная рамка для Hyundai Elantra, Avante 2013 - 2016 9 дюймов;TK518;1118;Переходник Андроид магнитолы для Hyundai,KIA 2009+;650;18768;ок;1;8;0
Hyundai;Avante;2015–2018;"9""";Андроид магнитола FYT 7862S, 9″, 4/64 ГБ, QLED 2K;17000;Переходная рамка для Hyundai Elantra, Avante 2015 - 2018 9 дюймов;HY 134N;1056;Переходник Андроид магнитолы для Hyundai, Kia 2010+ (16 pin CAM);2120;20176;ок;1;8;0
Hyundai;Avante;2018–2020;"9""";Андроид магнитола FYT 7862S, 9″, 4/64 ГБ, QLED 2K;17000;Переходная рамка для Hyundai Elantra, Avante 2018 - 2020 9 дюймов;HY 121N;990;Переходник Андроид магнитолы для Hyundai,KIA 2017+;780;18770;ок;1;8;0
Hyundai;Avante;2020–2025;"12,3""";Андроид магнитола FYT 7862S, 12,3″, 8/128 ГБ, QLED;26400;Переходная рамка в Hyundai Elantra, Avante 2020+ для 12,3 дюйма магнитолы;K303+10I 11;4440;Переходник Андроид магнитолы для Hyundai,KIA 2017+;780;31620;ок;1;8;0
Hyundai;Avante;2020–2026;"9""";Андроид магнитола FYT 7862S, 9″, 4/64 ГБ, QLED 2K;17000;Переходная рамка для Hyundai Elantra, Avante 2020+ 9 дюймов;HY 238N;2298;Переходник Андроид магнитолы для Hyundai,KIA 2017+;780;20078;ок;1;8;0
Hyundai;Creta;2015–2021;"10""";Андроид магнитола FYT 7862S, 10″, 4/64 ГБ, QLED 2K;17100;Переходная рамка для Hyundai Creta, ix25 2015 - 2021 10 дюймов;TK028;1418;Переходник Андроид магнитолы для Hyundai, Kia 2010+ (AMP);4008;22526;ок;1;9;0
Hyundai;Creta;2021–2026;"10""";Андроид магнитола FYT 7862S, 10″, 4/64 ГБ, QLED 2K;17100;Переходная рамка для Hyundai Creta, ix25 2021+ 10 дюймов;HY 247T;1522;Переходник Андроид магнитолы для Hyundai,KIA 2017+;780;19402;ок;1;9;0
Hyundai;Elantra;2006–2011;"9""";Андроид магнитола FYT 7862S, 9″, 4/64 ГБ, QLED 2K;17000;Переходная рамка для Hyundai Elantra, Avante 2006 - 2011 9 дюймов;HY 126N;1161;Переходник Андроид магнитолы для ISO Hyundai,KIA;400;18561;ок;1;8;0
Hyundai;Elantra;2006–2011;"12,3""";Андроид магнитола FYT 7862S, 12,3″, 8/128 ГБ, QLED;26400;Переходная рамка в Hyundai Elantra, Avante 2006 - 2011 для 12,3 дюйма магнитолы;K278+K328;6377;Переходник Андроид магнитолы для ISO Hyundai,KIA;400;33177;ок;1;8;0
Hyundai;Elantra;2010–2013;"9""";Андроид магнитола FYT 7862S, 9″, 4/64 ГБ, QLED 2K;17000;Переходная рамка для Hyundai Elantra, Avante 2010 - 2013 9 дюймов;TK517;1046;Переходник Андроид магнитолы для Hyundai,KIA 2009+;650;18696;ок;1;8;0
Hyundai;Elantra;2010–2013;"12,3""";Андроид магнитола FYT 7862S, 12,3″, 8/128 ГБ, QLED;26400;Переходная рамка в Hyundai Elantra, Avante 2010 - 2013 для 12,3 дюйма магнитолы;K335+10I 11;5577;Переходник Андроид магнитолы для Hyundai,KIA 2009+;650;32627;ок;1;8;0
Hyundai;Elantra;2013–2016;"9""";Андроид магнитола FYT 7862S, 9″, 4/64 ГБ, QLED 2K;17000;Переходная рамка для Hyundai Elantra, Avante 2013 - 2016 9 дюймов;TK518;1118;Переходник Андроид магнитолы для Hyundai,KIA 2009+;650;18768;ок;1;8;0
Hyundai;Elantra;2015–2018;"9""";Андроид магнитола FYT 7862S, 9″, 4/64 ГБ, QLED 2K;17000;Переходная рамка для Hyundai Elantra, Avante 2015 - 2018 9 дюймов;HY 134N;1056;Переходник Андроид магнитолы для Hyundai, Kia 2010+ (16 pin CAM);2120;20176;ок;1;8;0
Hyundai;Elantra;2018–2020;"9""";Андроид магнитола FYT 7862S, 9″, 4/64 ГБ, QLED 2K;17000;Переходная рамка для Hyundai Elantra, Avante 2018 - 2020 9 дюймов;HY 121N;990;Переходник Андроид магнитолы для Hyundai,KIA 2017+;780;18770;ок;1;8;0
Hyundai;Elantra;2020–2025;"12,3""";Андроид магнитола FYT 7862S, 12,3″, 8/128 ГБ, QLED;26400;Переходная рамка в Hyundai Elantra, Avante 2020+ для 12,3 дюйма магнитолы;K303+10I 11;4440;Переходник Андроид магнитолы для Hyundai,KIA 2017+;780;31620;ок;1;8;0
Hyundai;Elantra;2020–2026;"9""";Андроид магнитола FYT 7862S, 9″, 4/64 ГБ, QLED 2K;17000;Переходная рамка для Hyundai Elantra, Avante 2020+ 9 дюймов;HY 238N;2298;Переходник Андроид магнитолы для Hyundai,KIA 2017+;780;20078;ок;1;8;0
Hyundai;Genesis;2014–2017;"9""";Андроид магнитола FYT 7862S, 9″, 4/64 ГБ, QLED 2K;17000;Переходная рамка для Hyundai Genesis 2014 - 2017 9 дюймов;HY 301N;5740;Переходник Андроид магнитолы для Hyundai Genesis 2014-2017, Kia K7 2016-2019 (Тип2);1806;24546;ок;1;8;0
Hyundai;Getz;2002–2011;"9""";Андроид магнитола FYT 7862S, 9″, 4/64 ГБ, QLED 2K;17000;Переходная рамка для Hyundai Getz 2002 - 2011 9 дюймов (левый руль) Серая;HY 239N;1414;Переходник Андроид магнитолы для ISO Hyundai,KIA;400;18814;ок;1;6;0
Hyundai;H1;2007–2015;"9""";Андроид магнитола FYT 7862S, 9″, 4/64 ГБ, QLED 2K;17000;Переходная рамка для Hyundai Starex, H1 2007 - 2015 9 дюймов;TK632;614;Переходник Андроид магнитолы для Hyundai,KIA 2009+;650;18264;ок;3;6;0
Hyundai;H1;2007–2015;"12,3""";Андроид магнитола FYT 7862S, 12,3″, 8/128 ГБ, QLED;26400;Переходная рамка в Hyundai Starex, H1 2007 - 2015 для 12,3 дюйма магнитолы черная;K64 PA1/PA3;11339;Переходник Андроид магнитолы для Hyundai,KIA 2009+;650;38389;ок;2;6;0
Hyundai;H1;2016–2018;"9""";Андроид магнитола FYT 7862S, 9″, 4/64 ГБ, QLED 2K;17000;Переходная рамка для Hyundai Starex, H1 2016 - 2018 9 дюймов;HY 147N;2663;Переходник Андроид магнитолы для Hyundai,KIA 2017+;780;20443;ок;1;6;0
Hyundai;H1;2019–2025;"9""";Андроид магнитола FYT 7862S, 9″, 4/64 ГБ, QLED 2K;17000;Переходная рамка для Hyundai Starex, H1 2019+ 9 дюймов;HY 204N;1572;Переходник Андроид магнитолы для Hyundai,KIA 2017+;780;19352;ок;1;6;0
Hyundai;IX25;2015–2021;"10""";Андроид магнитола FYT 7862S, 10″, 4/64 ГБ, QLED 2K;17100;Переходная рамка для Hyundai Creta, ix25 2015 - 2021 10 дюймов;TK028;1418;Переходник Андроид магнитолы для Hyundai,KIA 2017+;780;19298;ок;1;7;0
Hyundai;IX25;2021–2026;"10""";Андроид магнитола FYT 7862S, 10″, 4/64 ГБ, QLED 2K;17100;Переходная рамка для Hyundai Creta, ix25 2021+ 10 дюймов;HY 247T;1522;Переходник Андроид магнитолы для Hyundai,KIA 2017+;780;19402;ок;1;7;0
Hyundai;Matrix;2001–2010;"9""";Андроид магнитола FYT 7862S, 9″, 4/64 ГБ, QLED 2K;17000;Переходная рамка для Hyundai Matrix 2001 - 2010 9 дюймов;HY 160N;1940;Переходник Андроид магнитолы для ISO Hyundai,KIA;400;19340;ок;1;6;0
Hyundai;Santa Fe;2000–2012;"9""";Андроид магнитола FYT 7862S, 9″, 4/64 ГБ, QLED 2K;17000;Переходная рамка для Hyundai Santa Fe 2000 - 2012 9 дюймов;HY 223N;1293;Переходник Андроид магнитолы для Hyundai,KIA 1995-2010;530;18823;ок;1;8;0
Hyundai;Santa Fe;2006–2012;"9""";Андроид магнитола FYT 7862S, 9″, 4/64 ГБ, QLED 2K;17000;Переходная рамка для Hyundai Santa Fe 2006 - 2012 9 дюймов;HY 148N;1349;Переходник Андроид магнитолы для ISO Hyundai,KIA;400;18749;ок;1;8;0
Hyundai;Santa Fe;2006–2012;"12,3""";Андроид магнитола FYT 7862S, 12,3″, 8/128 ГБ, QLED;26400;Переходная рамка в Hyundai Santa Fe 2006 - 2012 для 12,3 дюйма магнитолы;K345+10I 11;4191;Переходник Андроид магнитолы для ISO Hyundai,KIA;400;30991;ок;1;8;0
Hyundai;Santa Fe;2012–2019;"9""";Андроид магнитола FYT 7862S, 9″, 4/64 ГБ, QLED 2K;17000;Переходная рамка для Hyundai Santa Fe, IX45 2012 - 2019 (любая комплектация авто) 9 дюймов;TK166;884;Переходник Андроид магнитолы для Hyundai, Kia 2010+ (16 pin CAM);2120;20004;ок;1;8;0
Hyundai;Santa Fe;2012–2019;"12,3""";Андроид магнитола FYT 7862S, 12,3″, 8/128 ГБ, QLED;26400;Переходная рамка в Hyundai Santa Fe, IX45 2012 - 2019 для 12,3 дюйма магнитолы  (любая комплектация авто);K179 PA7/PA5;7169;Переходник Андроид магнитолы для Hyundai, Kia 2010+ (16 pin CAM);2120;35689;ок;1;8;0
Hyundai;Santa Fe;2018–2020;"10""";Андроид магнитола FYT 7862S, 10″, 4/64 ГБ, QLED 2K;17100;Переходная рамка для Hyundai Santa Fe 2018 - 2020 10 дюймов;TK577;852;Переходник Андроид магнитолы для Hyundai,KIA 2017+;780;18732;ок;1;8;0
Hyundai;Santa Fe;2018–2020;"12,3""";Андроид магнитола FYT 7862S, 12,3″, 8/128 ГБ, QLED;26400;Переходная рамка для Hyundai Santa Fe 2018 - 2020 для 12,3 дюйма магнитолы;042B;1535;Переходник Андроид магнитолы для Hyundai,KIA 2017+;780;28715;ок;1;8;0
Hyundai;Santa Fe;2021–2026;"10""";Андроид магнитола FYT 7862S, 10″, 4/64 ГБ, QLED 2K;17100;Переходная рамка для Hyundai Santa Fe 2021+ 10 дюймов;HY 279T;2242;Переходник Андроид магнитолы для Hyundai,KIA 2017+;780;20122;ок;1;8;0
Hyundai;Solaris;2010–2016;"9""";Андроид магнитола FYT 7862S, 9″, 4/64 ГБ, QLED 2K;17000;Переходная рамка в Hyundai Solaris 2010 - 2016 9 дюймов Тип3;HY 340N;1716;Переходник Андроид магнитолы для Hyundai,KIA 2009+;650;19366;ок;2;6;0
Hyundai;Solaris;2010–2016;"12,3""";Андроид магнитола FYT 7862S, 12,3″, 8/128 ГБ, QLED;26400;Переходная рамка в Hyundai Solaris 2010 — 2016 для 12,3 дюйма магнитолы (с кнопками);K204 PA7/PA5+10I 11;4216;Переходник Андроид магнитолы для Hyundai,KIA 2009+;650;31266;ок;2;6;0
Hyundai;Solaris;2011–2016;"9""";Андроид магнитола FYT 7862S, 9″, 4/64 ГБ, QLED 2K;17000;Переходная рамка для Hyundai Solaris 2010 - 2016 9 дюймов;TK093;1116;Переходник Андроид магнитолы для Hyundai,KIA 2009+;650;18766;ок;1;6;0
Hyundai;Solaris;2017–2020;"9""";Андроид магнитола FYT 7862S, 9″, 4/64 ГБ, QLED 2K;17000;Переходная рамка для Hyundai Solaris 2017 - 2020 9 дюймов;TK0157;773;Переходник Андроид магнитолы для Hyundai,KIA 2017+;780;18553;ок;1;6;0
Hyundai;Solaris;2017–2020;"12,3""";Андроид магнитола FYT 7862S, 12,3″, 8/128 ГБ, QLED;26400;Переходная рамка в Hyundai Solaris 2017 - 2020 для 12,3 дюйма магнитолы (черная глянцевая);K377+K328;6829;Переходник Андроид магнитолы для Hyundai,KIA 2017+;780;34009;ок;1;6;0
Hyundai;Solaris;2017–2022;"12,3""";Андроид магнитола FYT 7862S, 12,3″, 8/128 ГБ, QLED;26400;Переходная рамка в Hyundai Solaris 2017 - 2020 для 12,3 дюйма магнитолы (серая);K147+K328;6539;Переходник Андроид магнитолы для Hyundai,KIA 2017+;780;33719;ок;1;6;0
Hyundai;Solaris;2020–2026;"9""";Андроид магнитола FYT 7862S, 9″, 4/64 ГБ, QLED 2K;17000;Переходная рамка для Hyundai Solaris 2020+ 9 дюймов;TK957;1903;Переходник Андроид магнитолы для Hyundai,KIA 2017+;780;19683;ок;1;6;0
Hyundai;Sonata;2005–2011;"9""";Андроид магнитола FYT 7862S, 9″, 4/64 ГБ, QLED 2K;17000;Переходная рамка для Hyundai Sonata 2005 - 2011 9 дюймов (с новой кнопкой);HY 187N;1068;Переходник Андроид магнитолы для ISO Hyundai,KIA;400;18468;ок;1;6;0
Hyundai;Sonata;2009–2010;"9""";Андроид магнитола FYT 7862S, 9″, 4/64 ГБ, QLED 2K;17000;Переходная рамка для Hyundai Sonata 2009 - 2010 9 дюймов (авто с кондиционером);HY 188N;1173;Переходник Андроид магнитолы для ISO Hyundai,KIA;400;18573;ок;1;6;0
Hyundai;Sonata;2010–2013;"9""";Андроид магнитола FYT 7862S, 9″, 4/64 ГБ, QLED 2K;17000;Переходная рамка для Hyundai Sonata 2010 - 2013 9 дюймов;HYUSONMFB;1139;Переходник Андроид магнитолы для Hyundai,KIA 2009+;650;18789;ок;1;6;0
Hyundai;Sonata;2010–2013;"12,3""";Андроид магнитола FYT 7862S, 12,3″, 8/128 ГБ, QLED;26400;Переходная рамка в Hyundai Sonata 2010 - 2013 для 12,3 дюйма магнитолы;K163 PA8/PA6;7886;Переходник Андроид магнитолы для Hyundai,KIA 2009+;650;34936;ок;1;6;0
Hyundai;Sonata;2018–2019;"9""";Андроид магнитола FYT 7862S, 9″, 4/64 ГБ, QLED 2K;17000;Переходная рамка для Hyundai Sonata 2018 - 2019 9 дюймов;TK0319;651;Переходник Андроид магнитолы для Hyundai,KIA 2017+;780;18431;ок;1;6;0
Hyundai;Sonata;2020–2026;"10""";Андроид магнитола FYT 7862S, 10″, 4/64 ГБ, QLED 2K;17100;Переходная рамка для Hyundai Sonata 2020+ 10 дюймов;HY 200T;1645;Переходник Андроид магнитолы для Hyundai,KIA 2017+;780;19525;ок;1;6;0
Hyundai;Starex;2007–2015;"9""";Андроид магнитола FYT 7862S, 9″, 4/64 ГБ, QLED 2K;17000;Переходная рамка для Hyundai Starex, H1 2007 - 2015 9 дюймов;TK632;614;Переходник Андроид магнитолы для Hyundai,KIA 2009+;650;18264;ок;3;6;0
Hyundai;Starex;2007–2015;"12,3""";Андроид магнитола FYT 7862S, 12,3″, 8/128 ГБ, QLED;26400;Переходная рамка в Hyundai Starex, H1 2007 - 2015 для 12,3 дюйма магнитолы черная;K64 PA1/PA3;11339;Переходник Андроид магнитолы для Hyundai,KIA 2009+;650;38389;ок;2;6;0
Hyundai;Starex;2016–2018;"9""";Андроид магнитола FYT 7862S, 9″, 4/64 ГБ, QLED 2K;17000;Переходная рамка для Hyundai Starex, H1 2016 - 2018 9 дюймов;HY 147N;2663;Переходник Андроид магнитолы для Hyundai,KIA 2017+;780;20443;ок;1;6;0
Hyundai;Starex;2019–2025;"9""";Андроид магнитола FYT 7862S, 9″, 4/64 ГБ, QLED 2K;17000;Переходная рамка для Hyundai Starex, H1 2019+ 9 дюймов;HY 204N;1572;Переходник Андроид магнитолы для Hyundai,KIA 2017+;780;19352;ок;1;6;0
Hyundai;Terracan;2001–2007;"9""";Андроид магнитола FYT 7862S, 9″, 4/64 ГБ, QLED 2K;17000;Переходная рамка в Hyundai Terracan 2001 - 2007 9 дюймов;HY 302N;5249;Переходник Андроид магнитолы для ISO Hyundai,KIA;400;22649;ок;1;6;0
Hyundai;Tucson;2006–2013;"10""";Андроид магнитола FYT 7862S, 10″, 4/64 ГБ, QLED 2K;17100;Переходная рамка для Hyundai Tucson 2006 - 2013 10 дюймов (черная);HY 319T;1745;Переходник Андроид магнитолы для ISO Hyundai,KIA;400;19245;ок;2;7;0
Hyundai;Tucson;2006–2013;"12,3""";Андроид магнитола FYT 7862S, 12,3″, 8/128 ГБ, QLED;26400;Переходная рамка в Hyundai Tucson 2006 - 2013 для 12,3 дюйма магнитолы черная;K87 PA2/PA4;9292;Переходник Андроид магнитолы для ISO Hyundai,KIA;400;36092;ок;2;7;0
Hyundai;Tucson;2009–2015;"9""";Андроид магнитола FYT 7862S, 9″, 4/64 ГБ, QLED 2K;17000;Переходная рамка для Hyundai ix35, Tucson 2009 - 2015 9 дюймов;TK1075;1166;Переходник Андроид магнитолы для Hyundai,KIA 2009+;650;18816;ок;1;7;0
Hyundai;Tucson;2009–2015;"10""";Андроид магнитола FYT 7862S, 10″, 4/64 ГБ, QLED 2K;17100;Переходная рамка для Hyundai ix35, Tucson 2009 - 2015 10 дюймов;TK029-A;1243;Переходник Андроид магнитолы для Hyundai,KIA 2009+;650;18993;ок;1;7;0
Hyundai;Tucson;2009–2015;"12,3""";Андроид магнитола FYT 7862S, 12,3″, 8/128 ГБ, QLED;26400;Переходная рамка в Hyundai ix35, Tucson 2009 - 2015 для 12,3 дюйма магнитолы;K173;7227;Переходник Андроид магнитолы для Hyundai,KIA 2009+;650;34277;ок;2;7;0
Hyundai;Tucson;2015–2018;"9""";Андроид магнитола FYT 7862S, 9″, 4/64 ГБ, QLED 2K;17000;Переходная рамка для Hyundai Tucson 2015 - 2018 9 дюймов;HY 184N;1256;Переходник Андроид магнитолы для Hyundai, Kia 2010+ (24 pin CAM, CAN2015);1988;20244;ок;1;7;0
Hyundai;Tucson;2018–2021;"9""";Андроид магнитола FYT 7862S, 9″, 4/64 ГБ, QLED 2K;17000;Переходная рамка для Hyundai Tucson 2018 - 2021 9 дюймов;TK504;1623;Переходник Андроид магнитолы для Hyundai,KIA 2017+;780;19403;ок;1;7;0
Hyundai;Tucson;2018–2021;"12,3""";Андроид магнитола FYT 7862S, 12,3″, 8/128 ГБ, QLED;26400;Переходная рамка для Hyundai Tucson 2018 - 2021 для 12,3 дюйма магнитолы;TK 3020;1399;Переходник Андроид магнитолы для Hyundai,KIA 2017+;780;28579;ок;1;7;0
Hyundai;Veloster;2011–2017;"9""";Андроид магнитола FYT 7862S, 9″, 4/64 ГБ, QLED 2K;17000;Переходная рамка для Hyundai Veloster 2011+ 9 дюймов;HY 196N;855;Переходник Андроид магнитолы для Hyundai, Kia SPDIF Direct (Тип9);1385;19240;ок;1;8;0
Hyundai;Veracruz;2007–2012;"9""";Андроид магнитола FYT 7862S, 9″, 4/64 ГБ, QLED 2K;17000;Переходная рамка в Hyundai ix55, Veracruz 2007 - 2012 9 дюймов;HY 227N;3482;Переходник Андроид магнитолы для ISO Hyundai,KIA;400;20882;ок;1;6;0
Hyundai;Veracruz;2007–2012;"12,3""";Андроид магнитола FYT 7862S, 12,3″, 8/128 ГБ, QLED;26400;Переходная рамка в Peugeot 307 2001 - 2008 для 12,3 дюйма магнитолы;K115;6909;Переходник Андроид магнитолы для ISO Hyundai,KIA;400;33709;ок;1;6;0
Hyundai;i30;2008–2011;"9""";Андроид магнитола FYT 7862S, 9″, 4/64 ГБ, QLED 2K;17000;Переходная рамка для Hyundai i30 2008 - 2011 9 дюймов (авто с кондиционером);HY 138N;1988;Переходник Андроид магнитолы для ISO Hyundai,KIA;400;19388;ок;1;6;0
Hyundai;i30;2008–2011;"12,3""";Андроид магнитола FYT 7862S, 12,3″, 8/128 ГБ, QLED;26400;Переходная рамка в Hyundai i30 2008 - 2011 для 12,3 дюйма магнитолы (для любой комплектации авто);K19+CL-9+CA-627+K328;10064;Переходник Андроид магнитолы для ISO Hyundai,KIA;400;36864;ок;1;6;0
Hyundai;i30;2011–2017;"9""";Андроид магнитола FYT 7862S, 9″, 4/64 ГБ, QLED 2K;17000;Переходная рамка для Hyundai i30 2011 - 2017 9 дюймов;HY 265N;1022;Переходник Андроид магнитолы для Hyundai,KIA 2009+;650;18672;ок;1;6;0
Hyundai;i40;2011–2017;"9""";Андроид магнитола FYT 7862S, 9″, 4/64 ГБ, QLED 2K;17000;Переходная рамка для Hyundai i40 2011 - 2017 9 дюймов (для авто без Navi);HY 259N;638;Переходник Андроид магнитолы для Hyundai,KIA 2009+;650;18288;ок;1;6;0
Hyundai;ix35;2009–2015;"9""";Андроид магнитола FYT 7862S, 9″, 4/64 ГБ, QLED 2K;17000;Переходная рамка для Hyundai ix35, Tucson 2009 - 2015 9 дюймов;TK1075;1166;Переходник Андроид магнитолы для Hyundai,KIA 2009+;650;18816;ок;1;13;0
Hyundai;ix35;2009–2015;"10""";Андроид магнитола FYT 7862S, 10″, 4/64 ГБ, QLED 2K;17100;Переходная рамка для Hyundai ix35, Tucson 2009 - 2015 10 дюймов;TK029-A;1243;Переходник Андроид магнитолы для Hyundai,KIA 2009+;650;18993;ок;1;13;0
Hyundai;ix35;2009–2015;"12,3""";Андроид магнитола FYT 7862S, 12,3″, 8/128 ГБ, QLED;26400;Переходная рамка в Hyundai ix35, Tucson 2009 - 2015 для 12,3 дюйма магнитолы;K173;7227;Переходник Андроид магнитолы для Hyundai,KIA 2009+;650;34277;ок;2;13;0
Hyundai;ix45;2012–2019;"9""";Андроид магнитола FYT 7862S, 9″, 4/64 ГБ, QLED 2K;17000;Переходная рамка для Hyundai Santa Fe, IX45 2012 - 2019 (любая комплектация авто) 9 дюймов;TK166;884;Переходник Андроид магнитолы для Hyundai, Kia 2010+ (16 pin CAM);2120;20004;ок;1;10;0
Hyundai;ix45;2012–2019;"12,3""";Андроид магнитола FYT 7862S, 12,3″, 8/128 ГБ, QLED;26400;Переходная рамка в Hyundai Santa Fe, IX45 2012 - 2019 для 12,3 дюйма магнитолы  (любая комплектация авто);K179 PA7/PA5;7169;Переходник Андроид магнитолы для Hyundai, Kia 2010+ (16 pin CAM);2120;35689;ок;1;10;0
Hyundai;ix55;2007–2012;"9""";Андроид магнитола FYT 7862S, 9″, 4/64 ГБ, QLED 2K;17000;Переходная рамка для Hyundai ix55, Veracruz 2007 - 2012 9 дюймов;HY 212N;1053;Переходник Андроид магнитолы для ISO Hyundai,KIA;400;18453;ок;2;8;0
Hyundai;ix55;2007–2012;"12,3""";Андроид магнитола FYT 7862S, 12,3″, 8/128 ГБ, QLED;26400;Переходная рамка в Peugeot 307 2001 - 2008 для 12,3 дюйма магнитолы;K115;6909;Переходник Андроид магнитолы для ISO Hyundai,KIA;400;33709;ок;1;8;0
Infiniti;QX50;2013–2018;"9""";Андроид магнитола FYT 7862S, 9″, 4/64 ГБ, QLED 2K;17000;Установочный комплект для магнитол 9 дюймов в Infiniti QX50 2013 - 2018, EX 2007 - 2013 Тип B;IN-IN 109N;16763;Переходник Андроид магнитолы для Nissan Murano 2007-2016, Teana 2008-2013;4761;38524;ок;1;1;0
Infiniti;QX56;2004–2007;"9""";Андроид магнитола FYT 7862S, 9″, 4/64 ГБ, QLED 2K;17000;Переходная рамка для Infiniti QX56 2004 - 2007 9 дюймов;IN 005N;5996;Переходник Андроид магнитолы для Infiniti QX56 2004-2007;6022;29018;ок;1;2;0
Isuzu;D-Max;2006–2012;"9""";Андроид магнитола FYT 7862S, 9″, 4/64 ГБ, QLED 2K;17000;Переходная рамка в Chevrolet Colorado 2006 - 2012, Isuzu D-Max 2006 - 2012 9 дюймов;IS 014N;1237;Переходник Андроид магнитолы для Isuzu D-Max 2012+, Chevrolet Trailblazer 2012-2015;522;18759;ок;1;1;0
Isuzu;D-Max;2012–2015;"9""";Андроид магнитола FYT 7862S, 9″, 4/64 ГБ, QLED 2K;17000;Переходная рамка для Chevrolet Trailblazer 2012 - 2015, Isuzu D-Max 2012+ 9 дюймов;IS 012N;949;Переходник Андроид магнитолы для Isuzu D-Max 2012+, Chevrolet Trailblazer 2012-2015;522;18471;ок;1;1;0
JAC;Refine S4;2018–2026;"9""";Андроид магнитола FYT 7862S, 9″, 4/64 ГБ, QLED 2K;17000;Переходная рамка в Jac Refine S4 2018 — 2022, Москвич 3 2022+ 9 дюймов;TK1386;1341;Переходник Андроид магнитолы для Jac S4 2019+, Москвич 3 2022+;2099;20440;ок;1;1;0
JAC;T6;2018–2026;"9""";Андроид магнитола FYT 7862S, 9″, 4/64 ГБ, QLED 2K;17000;Переходная рамка в Jac T6 2018+ 9 дюймов;JA 035N;1358;Переходник Андроид магнитолы для Jac T6 2018+;2383;20741;ок;1;1;0
Jeep;CJ-5;2004–2017;"12,3""";Андроид магнитола FYT 7862S, 12,3″, 8/128 ГБ, QLED;26400;Переходная рамка для Chrysler, Dodge, Jeep 2004 - 2017 для 12,3 дюйма магнитолы;050B;2330;Переходник Андроид магнитолы для Chrysler, Dodge, Jeep 1999-2007;4988;33718;ок;1;1;0
Jeep;CJ-7;2004–2017;"12,3""";Андроид магнитола FYT 7862S, 12,3″, 8/128 ГБ, QLED;26400;Переходная рамка для Chrysler, Dodge, Jeep 2004 - 2017 для 12,3 дюйма магнитолы;050B;2330;Переходник Андроид магнитолы для Chrysler, Dodge, Jeep 1999-2007;4988;33718;ок;1;1;0
Jeep;Cherokee;2004–2017;"12,3""";Андроид магнитола FYT 7862S, 12,3″, 8/128 ГБ, QLED;26400;Переходная рамка для Chrysler, Dodge, Jeep 2004 - 2017 для 12,3 дюйма магнитолы;050B;2330;Переходник Андроид магнитолы для Chrysler, Dodge, Jeep 1999-2007;4988;33718;ок;1;1;0
Jeep;Comanche;2004–2017;"12,3""";Андроид магнитола FYT 7862S, 12,3″, 8/128 ГБ, QLED;26400;Переходная рамка для Chrysler, Dodge, Jeep 2004 - 2017 для 12,3 дюйма магнитолы;050B;2330;Переходник Андроид магнитолы для Chrysler, Dodge, Jeep 1999-2007;4988;33718;ок;1;1;0
Jeep;Commander;2004–2017;"12,3""";Андроид магнитола FYT 7862S, 12,3″, 8/128 ГБ, QLED;26400;Переходная рамка для Chrysler, Dodge, Jeep 2004 - 2017 для 12,3 дюйма магнитолы;050B;2330;Переходник Андроид магнитолы для Chrysler, Dodge, Jeep 1999-2007;4988;33718;ок;1;1;0
Jeep;Commando;2004–2017;"12,3""";Андроид магнитола FYT 7862S, 12,3″, 8/128 ГБ, QLED;26400;Переходная рамка для Chrysler, Dodge, Jeep 2004 - 2017 для 12,3 дюйма магнитолы;050B;2330;Переходник Андроид магнитолы для Chrysler, Dodge, Jeep 1999-2007;4988;33718;ок;1;1;0
Jeep;Compass;2004–2017;"12,3""";Андроид магнитола FYT 7862S, 12,3″, 8/128 ГБ, QLED;26400;Переходная рамка для Chrysler, Dodge, Jeep 2004 - 2017 для 12,3 дюйма магнитолы;050B;2330;Переходник Андроид магнитолы для Chrysler, Dodge, Jeep 1999-2007;4988;33718;ок;1;2;0
Jeep;Compass;2006–2011;"10""";Андроид магнитола FYT 7862S, 10″, 4/64 ГБ, QLED 2K;17100;Переходная рамка для Jeep Compass 2006 - 2011 10 дюймов;JE 017T;1935;Переходник Андроид магнитолы для Chrysler, Dodge, Jeep 1999-2007;4988;24023;ок;1;2;0
Jeep;Compass;2011–2017;"10""";Андроид магнитола FYT 7862S, 10″, 4/64 ГБ, QLED 2K;17100;Переходная рамка в Jeep Compass 2011 - 2017 10 дюймов (для авто с кондиционером);JE 035T;1569;Переходник Андроид магнитолы для Jeep Compass 2017-2023, Renegade 2014+;2944;21613;ок;1;2;0
Jeep;DJ-Series;2004–2017;"12,3""";Андроид магнитола FYT 7862S, 12,3″, 8/128 ГБ, QLED;26400;Переходная рамка для Chrysler, Dodge, Jeep 2004 - 2017 для 12,3 дюйма магнитолы;050B;2330;Переходник Андроид магнитолы для Chrysler, Dodge, Jeep 1999-2007;4988;33718;ок;1;1;0
Jeep;F-134;2004–2017;"12,3""";Андроид магнитола FYT 7862S, 12,3″, 8/128 ГБ, QLED;26400;Переходная рамка для Chrysler, Dodge, Jeep 2004 - 2017 для 12,3 дюйма магнитолы;050B;2330;Переходник Андроид магнитолы для Chrysler, Dodge, Jeep 1999-2007;4988;33718;ок;1;1;0
Jeep;FC-Series;2004–2017;"12,3""";Андроид магнитола FYT 7862S, 12,3″, 8/128 ГБ, QLED;26400;Переходная рамка для Chrysler, Dodge, Jeep 2004 - 2017 для 12,3 дюйма магнитолы;050B;2330;Переходник Андроид магнитолы для Chrysler, Dodge, Jeep 1999-2007;4988;33718;ок;1;1;0
Jeep;FJ-3;2004–2017;"12,3""";Андроид магнитола FYT 7862S, 12,3″, 8/128 ГБ, QLED;26400;Переходная рамка для Chrysler, Dodge, Jeep 2004 - 2017 для 12,3 дюйма магнитолы;050B;2330;Переходник Андроид магнитолы для Chrysler, Dodge, Jeep 1999-2007;4988;33718;ок;1;1;0
Jeep;FJ-6;2004–2017;"12,3""";Андроид магнитола FYT 7862S, 12,3″, 8/128 ГБ, QLED;26400;Переходная рамка для Chrysler, Dodge, Jeep 2004 - 2017 для 12,3 дюйма магнитолы;050B;2330;Переходник Андроид магнитолы для Chrysler, Dodge, Jeep 1999-2007;4988;33718;ок;1;1;0
Jeep;Forward Control;2004–2017;"12,3""";Андроид магнитола FYT 7862S, 12,3″, 8/128 ГБ, QLED;26400;Переходная рамка для Chrysler, Dodge, Jeep 2004 - 2017 для 12,3 дюйма магнитолы;050B;2330;Переходник Андроид магнитолы для Chrysler, Dodge, Jeep 1999-2007;4988;33718;ок;1;1;0
Jeep;Gladiator;2004–2017;"12,3""";Андроид магнитола FYT 7862S, 12,3″, 8/128 ГБ, QLED;26400;Переходная рамка для Chrysler, Dodge, Jeep 2004 - 2017 для 12,3 дюйма магнитолы;050B;2330;Переходник Андроид магнитолы для Chrysler, Dodge, Jeep 1999-2007;4988;33718;ок;1;1;0
Jeep;Grand Cherokee;1998–2004;"9""";Андроид магнитола FYT 7862S, 9″, 4/64 ГБ, QLED 2K;17000;Переходная рамка для Jeep Grand Cherokee 1998 - 2004 9 дюймов;JE 027N;1187;Переходник Андроид магнитолы для Chrysler, Dodge, Jeep 1999-2007;4988;23175;ок;1;2;0
Jeep;Grand Cherokee;2004–2007;"10""";Андроид магнитола FYT 7862S, 10″, 4/64 ГБ, QLED 2K;17100;Переходная рамка для Jeep Grand Cherokee 2004 - 2007 10 дюймов (для авто без монитора);JE 028T;1523;Переходник Андроид магнитолы для Chrysler, Dodge, Jeep 1999-2007;4988;23611;ок;1;2;0
Jeep;Grand Cherokee;2004–2017;"12,3""";Андроид магнитола FYT 7862S, 12,3″, 8/128 ГБ, QLED;26400;Переходная рамка для Chrysler, Dodge, Jeep 2004 - 2017 для 12,3 дюйма магнитолы;050B;2330;Переходник Андроид магнитолы для Jeep Grand Cherokee 2013-2022;3073;31803;ок;1;2;0
Jeep;Grand Cherokee;2010–2013;"9""";Андроид магнитола FYT 7862S, 9″, 4/64 ГБ, QLED 2K;17000;Переходная рамка для Jeep Grand Cherokee (WK2) 2010 - 2013 9 дюймов;JE 020N;1633;Переходник Андроид магнитолы для Jeep Grand Cherokee 2013-2022;3073;21706;ок;1;2;0
Jeep;Grand Cherokee;2014–2017;"9""";Андроид магнитола FYT 7862S, 9″, 4/64 ГБ, QLED 2K;17000;Переходная рамка в Jeep Grand Cherokee 2014 - 2017 9 дюймов Тип2;JE 047N;2804;Переходник Андроид магнитолы для Jeep Grand Cherokee 2013-2022;3073;22877;ок;1;2;0
Jeep;Grand Commander;2004–2017;"12,3""";Андроид магнитола FYT 7862S, 12,3″, 8/128 ГБ, QLED;26400;Переходная рамка для Chrysler, Dodge, Jeep 2004 - 2017 для 12,3 дюйма магнитолы;050B;2330;Переходник Андроид магнитолы для Chrysler, Dodge, Jeep 1999-2007;4988;33718;ок;1;1;0
Jeep;Grand Wagoneer;2004–2017;"12,3""";Андроид магнитола FYT 7862S, 12,3″, 8/128 ГБ, QLED;26400;Переходная рамка для Chrysler, Dodge, Jeep 2004 - 2017 для 12,3 дюйма магнитолы;050B;2330;Переходник Андроид магнитолы для Chrysler, Dodge, Jeep 1999-2007;4988;33718;ок;1;1;0
Jeep;Grand Wagoneer (SJ);2004–2017;"12,3""";Андроид магнитола FYT 7862S, 12,3″, 8/128 ГБ, QLED;26400;Переходная рамка для Chrysler, Dodge, Jeep 2004 - 2017 для 12,3 дюйма магнитолы;050B;2330;Переходник Андроид магнитолы для Chrysler, Dodge, Jeep 1999-2007;4988;33718;ок;1;1;0
Jeep;J-Series;2004–2017;"12,3""";Андроид магнитола FYT 7862S, 12,3″, 8/128 ГБ, QLED;26400;Переходная рамка для Chrysler, Dodge, Jeep 2004 - 2017 для 12,3 дюйма магнитолы;050B;2330;Переходник Андроид магнитолы для Chrysler, Dodge, Jeep 1999-2007;4988;33718;ок;1;1;0
Jeep;Jeepster;2004–2017;"12,3""";Андроид магнитола FYT 7862S, 12,3″, 8/128 ГБ, QLED;26400;Переходная рамка для Chrysler, Dodge, Jeep 2004 - 2017 для 12,3 дюйма магнитолы;050B;2330;Переходник Андроид магнитолы для Chrysler, Dodge, Jeep 1999-2007;4988;33718;ок;1;1;0
Jeep;Liberty;2004–2017;"12,3""";Андроид магнитола FYT 7862S, 12,3″, 8/128 ГБ, QLED;26400;Переходная рамка для Chrysler, Dodge, Jeep 2004 - 2017 для 12,3 дюйма магнитолы;050B;2330;Переходник Андроид магнитолы для Chrysler, Dodge, Jeep 1999-2007;4988;33718;ок;1;1;0
Jeep;M715;2004–2017;"12,3""";Андроид магнитола FYT 7862S, 12,3″, 8/128 ГБ, QLED;26400;Переходная рамка для Chrysler, Dodge, Jeep 2004 - 2017 для 12,3 дюйма магнитолы;050B;2330;Переходник Андроид магнитолы для Chrysler, Dodge, Jeep 1999-2007;4988;33718;ок;1;1;0
Jeep;Patriot;2004–2017;"12,3""";Андроид магнитола FYT 7862S, 12,3″, 8/128 ГБ, QLED;26400;Переходная рамка для Chrysler, Dodge, Jeep 2004 - 2017 для 12,3 дюйма магнитолы;050B;2330;Переходник Андроид магнитолы для Chrysler, Dodge, Jeep 1999-2007;4988;33718;ок;1;1;0
Jeep;Recon;2004–2017;"12,3""";Андроид магнитола FYT 7862S, 12,3″, 8/128 ГБ, QLED;26400;Переходная рамка для Chrysler, Dodge, Jeep 2004 - 2017 для 12,3 дюйма магнитолы;050B;2330;Переходник Андроид магнитолы для Chrysler, Dodge, Jeep 1999-2007;4988;33718;ок;1;1;0
Jeep;Renegade;2004–2017;"12,3""";Андроид магнитола FYT 7862S, 12,3″, 8/128 ГБ, QLED;26400;Переходная рамка для Chrysler, Dodge, Jeep 2004 - 2017 для 12,3 дюйма магнитолы;050B;2330;Переходник Андроид магнитолы для Chrysler, Dodge, Jeep 1999-2007;4988;33718;ок;1;2;0
Jeep;Renegade;2015–2022;"9""";Андроид магнитола FYT 7862S, 9″, 4/64 ГБ, QLED 2K;17000;Переходная рамка для Jeep Renegade 2015+ 9 дюймов;JE 006N;773;Переходник Андроид магнитолы для Jeep Compass 2017-2023, Renegade 2014+;2944;20717;ок;1;2;0
Jeep;Scrambler;2004–2017;"12,3""";Андроид магнитола FYT 7862S, 12,3″, 8/128 ГБ, QLED;26400;Переходная рамка для Chrysler, Dodge, Jeep 2004 - 2017 для 12,3 дюйма магнитолы;050B;2330;Переходник Андроид магнитолы для Chrysler, Dodge, Jeep 1999-2007;4988;33718;ок;1;1;0
Jeep;Station Wagon;2004–2017;"12,3""";Андроид магнитола FYT 7862S, 12,3″, 8/128 ГБ, QLED;26400;Переходная рамка для Chrysler, Dodge, Jeep 2004 - 2017 для 12,3 дюйма магнитолы;050B;2330;Переходник Андроид магнитолы для Chrysler, Dodge, Jeep 1999-2007;4988;33718;ок;1;1;0
Jeep;Truck;2004–2017;"12,3""";Андроид магнитола FYT 7862S, 12,3″, 8/128 ГБ, QLED;26400;Переходная рамка для Chrysler, Dodge, Jeep 2004 - 2017 для 12,3 дюйма магнитолы;050B;2330;Переходник Андроид магнитолы для Chrysler, Dodge, Jeep 1999-2007;4988;33718;ок;1;1;0
Jeep;Wagoneer;2004–2017;"12,3""";Андроид магнитола FYT 7862S, 12,3″, 8/128 ГБ, QLED;26400;Переходная рамка для Chrysler, Dodge, Jeep 2004 - 2017 для 12,3 дюйма магнитолы;050B;2330;Переходник Андроид магнитолы для Chrysler, Dodge, Jeep 1999-2007;4988;33718;ок;1;1;0
Jeep;Wagoneer (SJ);2004–2017;"12,3""";Андроид магнитола FYT 7862S, 12,3″, 8/128 ГБ, QLED;26400;Переходная рамка для Chrysler, Dodge, Jeep 2004 - 2017 для 12,3 дюйма магнитолы;050B;2330;Переходник Андроид магнитолы для Chrysler, Dodge, Jeep 1999-2007;4988;33718;ок;1;1;0
Jeep;Wagoneer S;2004–2017;"12,3""";Андроид магнитола FYT 7862S, 12,3″, 8/128 ГБ, QLED;26400;Переходная рамка для Chrysler, Dodge, Jeep 2004 - 2017 для 12,3 дюйма магнитолы;050B;2330;Переходник Андроид магнитолы для Chrysler, Dodge, Jeep 1999-2007;4988;33718;ок;1;1;0
Jeep;Willys;2004–2017;"12,3""";Андроид магнитола FYT 7862S, 12,3″, 8/128 ГБ, QLED;26400;Переходная рамка для Chrysler, Dodge, Jeep 2004 - 2017 для 12,3 дюйма магнитолы;050B;2330;Переходник Андроид магнитолы для Chrysler, Dodge, Jeep 1999-2007;4988;33718;ок;1;1;0
Jeep;Wrangler;1997–2006;"9""";Андроид магнитола FYT 7862S, 9″, 4/64 ГБ, QLED 2K;17000;Переходная рамка в Jeep Wrangler 1997 — 2006 9 дюймов;JE 040N;2695;Переходник Андроид магнитолы для Chrysler, Dodge, Jeep 1999-2007;4988;24683;ок;1;1;0
Jeep;Wrangler;2004–2017;"12,3""";Андроид магнитола FYT 7862S, 12,3″, 8/128 ГБ, QLED;26400;Переходная рамка для Chrysler, Dodge, Jeep 2004 - 2017 для 12,3 дюйма магнитолы;050B;2330;Переходник Андроид магнитолы для Chrysler, Dodge, Jeep 1999-2007;4988;33718;ок;1;1;0
Jeep;Wrangler;2006–2010;"9""";Андроид магнитола FYT 7862S, 9″, 4/64 ГБ, QLED 2K;17000;Переходная рамка для Jeep Wrangler 2006 - 2010 9 дюймов (авто без электро-стеклоподъемников) ##;JE 025N;6101;Переходник Андроид магнитолы для Chrysler, Dodge, Jeep 1999-2007;4988;28089;ок;1;1;0
Kia;Bongo;2004–2020;"9""";Андроид магнитола FYT 7862S, 9″, 4/64 ГБ, QLED 2K;17000;Переходная рамка для Kia Bongo 2004+ 9 дюймов;KI 164N;1843;Переходник Андроид магнитолы для Hyundai,KIA 2009+;650;19493;ок;1;6;0
Kia;Carnival;2002–2006;"9""";Андроид магнитола FYT 7862S, 9″, 4/64 ГБ, QLED 2K;17000;Переходная рамка для Kia Carnival 2002 - 2006 9 дюймов;KI 140N;1527;Переходник Андроид магнитолы для ISO Hyundai,KIA;400;18927;ок;1;8;0
Kia;Carnival;2014–2020;"9""";Андроид магнитола FYT 7862S, 9″, 4/64 ГБ, QLED 2K;17000;Переходная рамка для Kia Carnival 2014 - 2020 9 дюймов;KI 133N;903;Переходник Андроид магнитолы для Hyundai,KIA 2017+;780;18683;ок;1;8;0
Kia;Ceed;2012–2018;"9""";Андроид магнитола FYT 7862S, 9″, 4/64 ГБ, QLED 2K;17000;Переходная рамка для Kia Ceed 2012 - 2018 9 дюймов (матовая);KI 085N;986;Переходник Андроид магнитолы для Hyundai,KIA 2009+;650;18636;ок;2;6;0
Kia;Ceed;2018–2022;"9""";Андроид магнитола FYT 7862S, 9″, 4/64 ГБ, QLED 2K;17000;Переходная рамка для Kia Ceed 2018 - 2022 9 дюймов;KI 150N;5317;Переходник Андроид магнитолы для Hyundai,KIA 2017+;780;23097;ок;1;6;0
Kia;Ceed;2018–2022;"10""";Андроид магнитола FYT 7862S, 10″, 4/64 ГБ, QLED 2K;17100;Переходная рамка для Kia Ceed 2018 - 2022 10 дюймов;KI 193T;1667;Переходник Андроид магнитолы для Hyundai,KIA 2017+;780;19547;ок;1;6;0
Kia;Cerato;2004–2009;"9""";Андроид магнитола FYT 7862S, 9″, 4/64 ГБ, QLED 2K;17000;Переходная рамка для Kia Cerato, Forte 2004 - 2009 (авто с кондиционером) 9 дюймов;KI 095N;877;Переходник Андроид магнитолы для ISO Hyundai,KIA;400;18277;ок;1;7;0
Kia;Cerato;2009–2013;"9""";Андроид магнитола FYT 7862S, 9″, 4/64 ГБ, QLED 2K;17000;Переходная рамка в Kia Cerato, Forte 2009 - 2013 (авто с кондиционером) 9 дюймов (черная));KI 071N;1023;Переходник Андроид магнитолы для Hyundai,KIA 2009+;650;18673;ок;2;7;0
Kia;Cerato;2013–2020;"9""";Андроид магнитола FYT 7862S, 9″, 4/64 ГБ, QLED 2K;17000;Переходная рамка для Kia Cerato, K3 2013 - 2020 9 дюймов;TK031;773;Переходник Андроид магнитолы для Hyundai,KIA 2009+;650;18423;ок;1;7;0
Kia;Cerato;2018–2025;"9""";Андроид магнитола FYT 7862S, 9″, 4/64 ГБ, QLED 2K;17000;Переходная рамка для Kia Cerato, K3 2018+ 9 дюймов;KI 097N;1243;Переходник Андроид магнитолы для Hyundai,KIA 2017+;780;19023;ок;1;7;0
Kia;Forte;2004–2009;"9""";Андроид магнитола FYT 7862S, 9″, 4/64 ГБ, QLED 2K;17000;Переходная рамка для Kia Cerato, Forte 2004 - 2009 (авто с кондиционером) 9 дюймов;KI 095N;877;Переходник Андроид магнитолы для ISO Hyundai,KIA;400;18277;ок;1;6;0
Kia;Forte;2009–2013;"9""";Андроид магнитола FYT 7862S, 9″, 4/64 ГБ, QLED 2K;17000;Переходная рамка в Kia Cerato, Forte 2009 - 2013 (авто с кондиционером) 9 дюймов (черная));KI 071N;1023;Переходник Андроид магнитолы для Hyundai,KIA 2009+;650;18673;ок;2;6;0
Kia;K3;2013–2020;"9""";Андроид магнитола FYT 7862S, 9″, 4/64 ГБ, QLED 2K;17000;Переходная рамка для Kia Cerato, K3 2013 - 2020 9 дюймов;TK031;773;Переходник Андроид магнитолы для Hyundai,KIA 2009+;650;18423;ок;1;6;0
Kia;K3;2018–2025;"9""";Андроид магнитола FYT 7862S, 9″, 4/64 ГБ, QLED 2K;17000;Переходная рамка для Kia Cerato, K3 2018+ 9 дюймов;KI 097N;1243;Переходник Андроид магнитолы для Hyundai,KIA 2017+;780;19023;ок;1;6;0
Kia;K5;2010–2013;"9""";Андроид магнитола FYT 7862S, 9″, 4/64 ГБ, QLED 2K;17000;Переходная рамка для Kia Optima, K5 2010 - 2013 9 дюймов;AYK5F012;971;Переходник Андроид магнитолы для Hyundai,KIA 2009+;650;18621;ок;1;7;0
Kia;K5;2014–2016;"9""";Андроид магнитола FYT 7862S, 9″, 4/64 ГБ, QLED 2K;17000;Переходная рамка для Kia Optima, K5 2014 - 2016 9 дюймов Тип2;KI 124N;1207;Переходник Андроид магнитолы для Hyundai,KIA 2009+;650;18857;ок;1;7;0
Kia;K5;2016–2020;"9""";Андроид магнитола FYT 7862S, 9″, 4/64 ГБ, QLED 2K;17000;Переходная рамка для Kia Optima, K5 2016 - 2020 9 дюймов;KI 159N;723;Переходник Андроид магнитолы для Hyundai, Kia 2010+ (AMP);4008;21731;ок;1;7;0
Kia;K5;2016–2020;"10""";Андроид магнитола FYT 7862S, 10″, 4/64 ГБ, QLED 2K;17100;Переходная рамка для Kia Optima, K5 2016 - 2020 MFAB дисплея;TK097;980;Переходник Андроид магнитолы для Hyundai, Kia 2010+ (AMP);4008;22088;ок;1;7;0
Kia;K5;2016–2020;"12,3""";Андроид магнитола FYT 7862S, 12,3″, 8/128 ГБ, QLED;26400;Переходная рамка для Kia Optima, K5 2016 - 2020 для 12,3 дюйма магнитолы;TK 3006;1425;Переходник Андроид магнитолы для Hyundai, Kia 2010+ (AMP);4008;31833;ок;1;7;0
Kia;K5;2020–2026;"10""";Андроид магнитола FYT 7862S, 10″, 4/64 ГБ, QLED 2K;17100;Переходная рамка для Kia K5 2020+ 10 дюймов;KI 163T;2580;Переходник Андроид магнитолы для Hyundai,KIA 2017+;780;20460;ок;1;7;0
Kia;Mohave;2008–2016;"9""";Андроид магнитола FYT 7862S, 9″, 4/64 ГБ, QLED 2K;17000;Переходная рамка для Kia Mohave 2008 - 2016 9 дюймов;KI 092N;654;Переходник Андроид магнитолы для Hyundai,KIA 2009+;650;18304;ок;1;6;0
Kia;Morning;2007–2011;"9""";Андроид магнитола FYT 7862S, 9″, 4/64 ГБ, QLED 2K;17000;Переходная рамка в KIA Picanto (SA), Morning (SA) 2007 - 2011 9 дюймов;KI 144N;850;Переходник Андроид магнитолы для ISO Hyundai,KIA;400;18250;ок;1;6;0
Kia;Morning;2017–2026;"9""";Андроид магнитола FYT 7862S, 9″, 4/64 ГБ, QLED 2K;17000;Переходная рамка для KIA Picanto, Morning  2017+ 9 дюймов;KI 177N;1482;Переходник Андроид магнитолы для Hyundai,KIA 2017+;780;19262;ок;1;6;0
Kia;Optima;2010–2013;"9""";Андроид магнитола FYT 7862S, 9″, 4/64 ГБ, QLED 2K;17000;Переходная рамка для Kia Optima, K5 2010 - 2013 9 дюймов;AYK5F012;971;Переходник Андроид магнитолы для Hyundai,KIA 2009+;650;18621;ок;1;7;0
Kia;Optima;2014–2016;"9""";Андроид магнитола FYT 7862S, 9″, 4/64 ГБ, QLED 2K;17000;Переходная рамка для Kia Optima, K5 2014 - 2016 9 дюймов Тип2;KI 124N;1207;Переходник Андроид магнитолы для Hyundai,KIA 2009+;650;18857;ок;1;7;0
Kia;Optima;2016–2020;"9""";Андроид магнитола FYT 7862S, 9″, 4/64 ГБ, QLED 2K;17000;Переходная рамка для Kia Optima, K5 2016 - 2020 9 дюймов;KI 159N;723;Переходник Андроид магнитолы для Hyundai, Kia 2010+ (AMP);4008;21731;ок;1;7;0
Kia;Optima;2016–2020;"10""";Андроид магнитола FYT 7862S, 10″, 4/64 ГБ, QLED 2K;17100;Переходная рамка для Kia Optima, K5 2016 - 2020 MFAB дисплея;TK097;980;Переходник Андроид магнитолы для Hyundai, Kia 2010+ (AMP);4008;22088;ок;1;7;0
Kia;Optima;2016–2020;"12,3""";Андроид магнитола FYT 7862S, 12,3″, 8/128 ГБ, QLED;26400;Переходная рамка для Kia Optima, K5 2016 - 2020 для 12,3 дюйма магнитолы;TK 3006;1425;Переходник Андроид магнитолы для Hyundai, Kia 2010+ (AMP);4008;31833;ок;1;7;0
Kia;Optima;2020–2026;"10""";Андроид магнитола FYT 7862S, 10″, 4/64 ГБ, QLED 2K;17100;Переходная рамка для Kia K5 2020+ 10 дюймов;KI 163T;2580;Переходник Андроид магнитолы для Hyundai,KIA 2017+;780;20460;ок;1;7;0
Kia;Picanto;2007–2011;"9""";Андроид магнитола FYT 7862S, 9″, 4/64 ГБ, QLED 2K;17000;Переходная рамка в KIA Picanto (SA), Morning (SA) 2007 - 2011 9 дюймов;KI 144N;850;Переходник Андроид магнитолы для ISO Hyundai,KIA;400;18250;ок;1;6;0
Kia;Picanto;2011–2015;"9""";Андроид магнитола FYT 7862S, 9″, 4/64 ГБ, QLED 2K;17000;Переходная рамка для KIA Picanto 2011 - 2015 9 дюймов;KI 078N;1420;Переходник Андроид магнитолы для Hyundai,KIA 2009+;650;19070;ок;1;6;0
Kia;Picanto;2017–2026;"9""";Андроид магнитола FYT 7862S, 9″, 4/64 ГБ, QLED 2K;17000;Переходная рамка для KIA Picanto, Morning  2017+ 9 дюймов;KI 177N;1482;Переходник Андроид магнитолы для Hyundai,KIA 2017+;780;19262;ок;1;6;0
Kia;Rio;2011–2017;"9""";Андроид магнитола FYT 7862S, 9″, 4/64 ГБ, QLED 2K;17000;Переходная рамка для Kia Rio 2011 - 2017 9 дюймов тип2;KI 100N;867;Переходник Андроид магнитолы для Hyundai,KIA 2009+;650;18517;ок;2;6;0
Kia;Rio;2017–219;"9""";Андроид магнитола FYT 7862S, 9″, 4/64 ГБ, QLED 2K;17000;Переходная рамка для Kia Rio 2017 - 2019 9 дюймов (с кнопкой);AYK2F013 button;1302;Переходник Андроид магнитолы для ISO Hyundai,KIA;400;18702;ПРОВЕРИТЬ: годы проводки не совпали;1;6;0
Kia;Rio;2017–2019;"9""";Андроид магнитола FYT 7862S, 9″, 4/64 ГБ, QLED 2K;17000;Переходная рамка для Kia Rio 2017 - 2019 10 дюймов (с кнопкой) для авто российской сборки;KI 102T;1364;Переходник Андроид магнитолы для Hyundai,KIA 2017+;780;19144;ок;2;6;0
Kia;Rio;2017–2019;"10""";Андроид магнитола FYT 7862S, 10″, 4/64 ГБ, QLED 2K;17100;Переходная рамка для Kia Rio 2017 - 2019 10 дюймов (с кнопкой);TK159A;776;Переходник Андроид магнитолы для Hyundai,KIA 2017+;780;18656;ок;1;6;0
Kia;Rio;2020–2025;"9""";Андроид магнитола FYT 7862S, 9″, 4/64 ГБ, QLED 2K;17000;Переходная рамка для Kia Rio 2020+ 9 дюймов (с кнопкой) черная;TK1005;1517;Переходник Андроид магнитолы для Hyundai,KIA 2017+;780;19297;ок;1;6;0
Kia;Rio;2020–2026;"9""";Андроид магнитола FYT 7862S, 9″, 4/64 ГБ, QLED 2K;17000;Переходная рамка для Kia Rio 2020+ 9 дюймов (с кнопкой) черная тип2;KI 173N;1542;Переходник Андроид магнитолы для Hyundai,KIA 2017+;780;19322;ок;2;6;0
Kia;Seltos;2020–2026;"9""";Андроид магнитола FYT 7862S, 9″, 4/64 ГБ, QLED 2K;17000;Переходная рамка для Kia Seltos 2020+ 9 дюймов;KI 147T;1846;Переходник Андроид магнитолы для Hyundai,KIA 2017+;780;19626;ок;1;6;0
Kia;Sorento;2002–2006;"9""";Андроид магнитола FYT 7862S, 9″, 4/64 ГБ, QLED 2K;17000;Переходная рамка для Kia Sorento 2002 - 2006 9 дюймов;KI 178N;1508;Переходник Андроид магнитолы для ISO Hyundai,KIA;400;18908;ок;1;10;0
Kia;Sorento;2006–2009;"9""";Андроид магнитола FYT 7862S, 9″, 4/64 ГБ, QLED 2K;17000;Переходная рамка для Kia Sorento 2006 - 2009 9 дюймов;TK407;1092;Переходник Андроид магнитолы для ISO Hyundai,KIA;400;18492;ок;1;10;0
Kia;Sorento;2009–2012;"10""";Андроид магнитола FYT 7862S, 10″, 4/64 ГБ, QLED 2K;17100;Переходная рамка для Kia Sorento 2009 - 2012 10 дюймов (для авто с климат-контролем);TK670;1508;Переходник Андроид магнитолы для Hyundai,KIA 2009+;650;19258;ок;2;10;0
Kia;Sorento;2012–2021;"9""";Андроид магнитола FYT 7862S, 9″, 4/64 ГБ, QLED 2K;17000;Переходная рамка для Kia Sorento 2012 - 2021 9 дюймов (для авто без Navi);KI 093N;714;Переходник Андроид магнитолы для Hyundai, Kia 2010+ (AMP);4008;21722;ок;1;10;0
Kia;Sorento;2013–2019;"9""";Андроид магнитола FYT 7862S, 9″, 4/64 ГБ, QLED 2K;17000;Переходная рамка для Kia Sorento 2012 - 2021 9 дюймов (для авто с Navi);KI 123N;1136;Переходник Андроид магнитолы для Hyundai, Kia 2010+ (24 pin CAM, CAN2015);1988;20124;ок;1;10;0
Kia;Sorento;2020–2026;"9""";Андроид магнитола FYT 7862S, 9″, 4/64 ГБ, QLED 2K;17000;Переходная рамка в Kia Sorento 2020+ 9 дюймов Тип2;TK1345;2359;Переходник Андроид магнитолы для Hyundai,KIA 2017+;780;20139;ок;1;10;0
Kia;Sorento Prime;2014–2020;"10""";Андроид магнитола FYT 7862S, 10″, 4/64 ГБ, QLED 2K;17100;Переходная рамка в Kia Sorento Prime 2014 - 2020 10 дюймов Тип2;KI 203T;1322;Переходник Андроид магнитолы для Hyundai, Kia 2010+ (24 pin CAM, CAN2015);1988;20410;ок;1;7;0
Kia;Sorento Prime;2014–2020;"12,3""";Андроид магнитола FYT 7862S, 12,3″, 8/128 ГБ, QLED;26400;Переходная рамка в Kia Sorento Prime 2014 - 2020 для 12,3 дюйма магнитолы;K171+ 10I 11;7101;Переходник Андроид магнитолы для Hyundai, Kia 2010+ (24 pin CAM, CAN2015);1988;35489;ок;1;7;0
Kia;Soul;2008–2014;"9""";Андроид магнитола FYT 7862S, 9″, 4/64 ГБ, QLED 2K;17000;Переходная рамка в Kia Soul 2008 - 2014 9 дюймов (авто с климат-контролем);KI 205N;1687;Переходник Андроид магнитолы для Hyundai,KIA 2009+;650;19337;ок;2;6;0
Kia;Soul;2014–2019;"9""";Андроид магнитола FYT 7862S, 9″, 4/64 ГБ, QLED 2K;17000;Переходная рамка для Kia Soul 2014 - 2019 9 дюймов (авто с кондиционером);KI 157N;1554;Переходник Андроид магнитолы для Hyundai,KIA 2009+;650;19204;ок;1;6;0
Kia;Soul;2018–2025;"9""";Андроид магнитола FYT 7862S, 9″, 4/64 ГБ, QLED 2K;17000;Переходная рамка для Kia Soul 2018+ 9 дюймов Тип2;TK693;1352;Переходник Андроид магнитолы для Hyundai,KIA 2017+;780;19132;ок;1;6;0
Kia;Sportage;2004–2008;"9""";Андроид магнитола FYT 7862S, 9″, 4/64 ГБ, QLED 2K;17000;Переходная рамка для Kia Sportage 2004 - 2008 9 дюймов;KI 126N;1077;Переходник Андроид магнитолы для ISO Hyundai,KIA;400;18477;ок;1;9;0
Kia;Sportage;2008–2010;"9""";Андроид магнитола FYT 7862S, 9″, 4/64 ГБ, QLED 2K;17000;Переходная рамка для Kia Sportage 2008 - 2010 9 дюймов;TK108 auto + manu;1441;Переходник Андроид магнитолы для ISO Hyundai,KIA;400;18841;ок;1;9;0
Kia;Sportage;2010–2016;"9""";Андроид магнитола FYT 7862S, 9″, 4/64 ГБ, QLED 2K;17000;Переходная рамка для Kia Sportage 2010 - 2016 9 дюймов;TK034;1287;Переходник Андроид магнитолы для Hyundai,KIA 2009+;650;18937;ок;1;9;0
Kia;Sportage;2016–2019;"9""";Андроид магнитола FYT 7862S, 9″, 4/64 ГБ, QLED 2K;17000;Переходная рамка для Kia Sportage 2016 - 2019 9 дюймов;TK033;977;Переходник Андроид магнитолы для Kia Sportage 2016-2021;4737;22714;ок;1;9;0
Kia;Sportage;2018–2021;"9""";Андроид магнитола FYT 7862S, 9″, 4/64 ГБ, QLED 2K;17000;Переходная рамка для Kia Sportage 2018 - 2021 9 дюймов;KI 077N;1131;Переходник Андроид магнитолы для Hyundai,KIA 2017+;780;18911;ок;1;9;0
Kia;Sportage;2021–2026;"10""";Андроид магнитола FYT 7862S, 10″, 4/64 ГБ, QLED 2K;17100;Переходная рамка для Kia Sportage 2021+ 10 дюймов;KI 194T;8560;Переходник Андроид магнитолы для Hyundai,KIA 2017+;780;26440;ок;1;9;0
Kia;Stonic;2017–2020;"9""";Андроид магнитола FYT 7862S, 9″, 4/64 ГБ, QLED 2K;17000;Переходная рамка в Kia Stonic 2017 - 2020 9 дюймов;KI 088N;1028;Переходник Андроид магнитолы для Hyundai,KIA 2017+;780;18808;ок;1;6;0
Lada (ВАЗ);2106;1989–2006;"9""";Андроид магнитола FYT 7862S, 9″, 4/64 ГБ, QLED 2K;17000;Переходная рамка в Лада 2106 1976 - 2006 9 дюймов;CH 166N;1820;Переходник Андроид магнитолы для Renault 2012+, Лада 2015+ HW;2450;21270;ПРОВЕРИТЬ: годы проводки не совпали;1;1;0
Lada (ВАЗ);2121 (Нива);1993–2018;"9""";Андроид магнитола FYT 7862S, 9″, 4/64 ГБ, QLED 2K;17000;Переходная рамка для Лада Нива 4х4 (Lada Niva) 1993 - 2018 9 дюймов;CH 118N;2862;Переходник Андроид магнитолы для Renault 2012+, Лада 2015+ HW;2450;22312;ок;1;1;0
Lada (ВАЗ);4х4 Urban;1993–2018;"9""";Андроид магнитола FYT 7862S, 9″, 4/64 ГБ, QLED 2K;17000;Переходная рамка для Лада Нива 4х4 (Lada Niva) 1993 - 2018 9 дюймов;CH 118N;2862;Переходник Андроид магнитолы для Renault 2012+, Лада 2015+ HW;2450;22312;ок;1;1;0
Lada (ВАЗ);4х4 Urban;2019–2026;"9""";Андроид магнитола FYT 7862S, 9″, 4/64 ГБ, QLED 2K;17000;Переходная рамка для Лада Нива 4х4 (Lada Niva) 2019+ 9 дюймов;MFBLDNV;1903;Переходник Андроид магнитолы для Renault 2012+, Лада 2015+ HW;2450;21353;ок;1;1;0
Lada (ВАЗ);4х4 Urban;2019–2026;"12,3""";Андроид магнитола FYT 7862S, 12,3″, 8/128 ГБ, QLED;26400;Установочный комплект для магнитол 12.3 дюйма в Лада Нива 4х4 (Lada Niva) 2019+;IN-LD1007C;8600;Переходник Андроид магнитолы для Renault 2012+, Лада 2015+ HW;2450;37450;ок;1;1;0
Lada (ВАЗ);Granta;2011–2017;"9""";Андроид магнитола FYT 7862S, 9″, 4/64 ГБ, QLED 2K;17000;Переходная рамка для Лада Гранта (Lada Granta) 2011 - 2017 9 дюймов;CH 055N;721;Переходник Android магнитолы для Лада Гранта, Калина;390;18111;ок;2;3;0
Lada (ВАЗ);Granta;2011–2017;"12,3""";Андроид магнитола FYT 7862S, 12,3″, 8/128 ГБ, QLED;26400;Переходная рамка в Лада Гранта 2011 - 2017 для 12,3 дюйма магнитолы (черн. Глянец);K108 PA2/PA4+10I 11;7549;Переходник Android магнитолы для Лада Гранта, Калина;390;34339;ок;1;3;0
Lada (ВАЗ);Granta;2018–2025;"9""";Андроид магнитола FYT 7862S, 9″, 4/64 ГБ, QLED 2K;17000;Переходная рамка для Лада Гранта (Lada Granta FL) 2018+ 9 дюймов;LDGRFL9MFB;758;Переходник Android магнитолы для Лада Гранта, Калина;390;18148;ок;1;3;0
Lada (ВАЗ);Granta Cross;2011–2017;"9""";Андроид магнитола FYT 7862S, 9″, 4/64 ГБ, QLED 2K;17000;Переходная рамка для Лада Гранта (Lada Granta) 2011 - 2017 9 дюймов;CH 055N;721;Переходник Android магнитолы для Лада Гранта, Калина;390;18111;ок;2;2;0
Lada (ВАЗ);Granta Cross;2011–2017;"12,3""";Андроид магнитола FYT 7862S, 12,3″, 8/128 ГБ, QLED;26400;Переходная рамка в Лада Гранта 2011 - 2017 для 12,3 дюйма магнитолы (черн. Глянец);K108 PA2/PA4+10I 11;7549;Переходник Android магнитолы для Лада Гранта, Калина;390;34339;ок;1;2;0
Lada (ВАЗ);Granta Cross;2018–2025;"9""";Андроид магнитола FYT 7862S, 9″, 4/64 ГБ, QLED 2K;17000;Переходная рамка для Лада Гранта (Lada Granta FL) 2018+ 9 дюймов;LDGRFL9MFB;758;Переходник Android магнитолы для Лада Гранта, Калина;390;18148;ок;1;2;0
Lada (ВАЗ);Iskra;2024–2026;"9""";Андроид магнитола FYT 7862S, 9″, 4/64 ГБ, QLED 2K;17000;Переходная рамка в Лада Искра (Lada Iskra) 2024+ 9 дюймов;CH 192N;2330;Переходник Андроид магнитолы для Renault 2012+, Лада 2015+ HW;2450;21780;ПРОВЕРИТЬ: годы проводки не совпали;1;1;0
Lada (ВАЗ);Kalina;2013–2018;"9""";Андроид магнитола FYT 7862S, 9″, 4/64 ГБ, QLED 2K;17000;Установочный комплект для магнитол 9 дюймов в Лада Калина (II) 2013 - 2018  с кнопками;IN-LD1004N;6759;Переходник Android магнитолы для Лада Гранта, Калина;390;24149;ок;1;2;0
Lada (ВАЗ);Kalina;2013–2018;"12,3""";Андроид магнитола FYT 7862S, 12,3″, 8/128 ГБ, QLED;26400;Переходная рамка в Лада Калина (II) 2013 - 2018 для 12,3 дюйма магнитолы с дефлекторами в стиле AMG (RGB);K272+USV4+AL19+10I11;7878;Переходник Android магнитолы для Лада Гранта, Калина;390;34668;ок;1;2;0
Lada (ВАЗ);Largus;2015–2026;"9""";Андроид магнитола FYT 7862S, 9″, 4/64 ГБ, QLED 2K;17000;Переходная рамка для Renault Duster 15-21, Lada Largus FL (Ларгус) 21+ 9 дюймов Тип3;RE 046N;1552;Переходник Андроид магнитолы для Лада Ларгус FL 2021+;650;19202;ок;1;2;0
Lada (ВАЗ);Largus;2021–2026;"9""";Андроид магнитола FYT 7862S, 9″, 4/64 ГБ, QLED 2K;17000;Переходная рамка в Renault Duster 15-21, Lada Largus FL (Ларгус) 21+ 9 дюймов Тип4;FR-LD1003N;4695;Переходник Андроид магнитолы для Лада Ларгус FL 2021+;650;22345;ок;1;2;0
Lada (ВАЗ);Largus Cross;2015–2026;"9""";Андроид магнитола FYT 7862S, 9″, 4/64 ГБ, QLED 2K;17000;Переходная рамка для Renault Duster 15-21, Lada Largus FL (Ларгус) 21+ 9 дюймов Тип3;RE 046N;1552;Переходник Андроид магнитолы для Renault 2012+, Лада 2015+ HW;2450;21002;ок;1;1;0
Lada (ВАЗ);Largus Cross;2021–2026;"9""";Андроид магнитола FYT 7862S, 9″, 4/64 ГБ, QLED 2K;17000;Переходная рамка в Renault Duster 15-21, Lada Largus FL (Ларгус) 21+ 9 дюймов Тип4;FR-LD1003N;4695;Переходник Андроид магнитолы для Renault 2012+, Лада 2015+ HW;2450;24145;ок;1;1;0
Lada (ВАЗ);Niva Legend;1993–2018;"9""";Андроид магнитола FYT 7862S, 9″, 4/64 ГБ, QLED 2K;17000;Переходная рамка для Лада Нива 4х4 (Lada Niva) 1993 - 2018 9 дюймов;CH 118N;2862;Переходник Андроид магнитолы для Renault 2012+, Лада 2015+ HW;2450;22312;ок;1;1;0
Lada (ВАЗ);Niva Legend;2019–2026;"9""";Андроид магнитола FYT 7862S, 9″, 4/64 ГБ, QLED 2K;17000;Переходная рамка для Лада Нива 4х4 (Lada Niva) 2019+ 9 дюймов;MFBLDNV;1903;Переходник Андроид магнитолы для Renault 2012+, Лада 2015+ HW;2450;21353;ок;1;1;0
Lada (ВАЗ);Niva Legend;2019–2026;"12,3""";Андроид магнитола FYT 7862S, 12,3″, 8/128 ГБ, QLED;26400;Установочный комплект для магнитол 12.3 дюйма в Лада Нива 4х4 (Lada Niva) 2019+;IN-LD1007C;8600;Переходник Андроид магнитолы для Renault 2012+, Лада 2015+ HW;2450;37450;ок;1;1;0
Lada (ВАЗ);Niva Travel;2002–2026;"9""";Андроид магнитола FYT 7862S, 9″, 4/64 ГБ, QLED 2K;17000;Переходная рамка для Лада Нива Тревел (Lada Niva Travel) 20+, Chevrolet Niva 02 - 20 9 дюймов;CH 123N;3108;Переходник Андроид магнитолы для Лада Нива Тревел 2020+, Chevrolet Niva 2009-2020;555;20663;ок;1;2;0
Lada (ВАЗ);Niva Travel;2019–2026;"12,3""";Андроид магнитола FYT 7862S, 12,3″, 8/128 ГБ, QLED;26400;Установочный комплект для магнитол 12.3 дюйма в Лада Нива 4х4 (Lada Niva) 2019+;IN-LD1007C;8600;Переходник Андроид магнитолы для Лада Нива Тревел 2020+, Chevrolet Niva 2009-2020;555;35555;ок;1;2;0
Lada (ВАЗ);Niva Travel;2020–2025;"9""";Андроид магнитола FYT 7862S, 9″, 4/64 ГБ, QLED 2K;17000;Переходная рамка в Лада Нива Тревел (Lada Niva Travel) 20+, Chevrolet Niva 02-20 9 дюймов Тип2;CH 189N;2562;Переходник Андроид магнитолы для Лада Нива Тревел 2020+, Chevrolet Niva 2009-2020;555;20117;ок;1;2;0
Lada (ВАЗ);Priora;2007–2014;"9""";Андроид магнитола FYT 7862S, 9″, 4/64 ГБ, QLED 2K;17000;Переходная рамка для Лада Приора (Lada Priora) 2007 - 2014 9 дюймов черная глянцевая;CH 099N;1573;Переходник Андроид магнитолы для Renault 2012+, Лада 2015+ HW;2450;21023;ок;5;1;0
Lada (ВАЗ);Priora;2007–2014;"12,3""";Андроид магнитола FYT 7862S, 12,3″, 8/128 ГБ, QLED;26400;Установочный комплект для магнитол 12.3 дюйма в Лада Приора (Lada Priora) 2007 - 2014 Тип4;IN-LD1006C;11485;Переходник Андроид магнитолы для Renault 2012+, Лада 2015+ HW;2450;40335;ок;1;1;0
Lada (ВАЗ);Priora;2013–2018;"9""";Андроид магнитола FYT 7862S, 9″, 4/64 ГБ, QLED 2K;17000;Переходная рамка для Лада Приора 2 (Lada Priora 2) 2013 - 2018 9 дюймов черная;CH 111N;1319;Переходник Андроид магнитолы для Renault 2012+, Лада 2015+ HW;2450;20769;ок;1;1;0
Lada (ВАЗ);Vesta;2015–2021;"12,3""";Андроид магнитола FYT 7862S, 12,3″, 8/128 ГБ, QLED;26400;Переходная рамка в Лада Веста (Lada Vesta) 2015+ для 12,3 дюйма магнитолы;K323+10I 11;5690;Переходник Андроид магнитолы Лада Vesta;1500;33590;ок;3;5;0
Lada (ВАЗ);Vesta;2022–2026;"9""";Андроид магнитола FYT 7862S, 9″, 4/64 ГБ, QLED 2K;17000;Переходная рамка для Лада Веста НГ (Lada Vesta NG) 2022+ 9 дюймов (черная);MFBLDVE22;1356;Переходник Андроид магнитолы для Лада Веста (Vesta NG) 2023+;2705;21061;ок;3;5;0
Lada (ВАЗ);Vesta Cross;2015–2021;"12,3""";Андроид магнитола FYT 7862S, 12,3″, 8/128 ГБ, QLED;26400;Переходная рамка в Лада Веста (Lada Vesta) 2015+ для 12,3 дюйма магнитолы;K323+10I 11;5690;Переходник Андроид магнитолы для Renault 2012+, Лада 2015+ HW;2450;34540;ок;3;1;0
Lada (ВАЗ);Vesta Cross;2022–2026;"9""";Андроид магнитола FYT 7862S, 9″, 4/64 ГБ, QLED 2K;17000;Переходная рамка для Лада Веста НГ (Lada Vesta NG) 2022+ 9 дюймов (черная);MFBLDVE22;1356;Переходник Андроид магнитолы для Renault 2012+, Лада 2015+ HW;2450;20806;ПРОВЕРИТЬ: годы проводки не совпали;3;1;0
Lada (ВАЗ);XRay;2015–2025;"9""";Андроид магнитола FYT 7862S, 9″, 4/64 ГБ, QLED 2K;17000;Переходная рамка для Лада X-RAY (Lada X-RAY) 2015+ 9 дюймов;LDXRAYMFB;980;Переходник Андроид магнитолы для Renault 2012+, Лада 2015+ HW;2450;20430;ок;1;1;0
Land Rover;Discovery;2004–2009;"9""";Андроид магнитола FYT 7862S, 9″, 4/64 ГБ, QLED 2K;17000;Переходная рамка для Land Rover Discovery 3 2004 - 2009 9 дюймов тип B;LA 004N;3873;Переходник Андроид магнитолы для Range Rover Sport 2005-2009, Discovery 3 2004-2009 (LZ);5655;26528;ок;2;4;0
Land Rover;Discovery;2004–2009;"12,3""";Андроид магнитола FYT 7862S, 12,3″, 8/128 ГБ, QLED;26400;Переходная рамка в Land Rover Discovery 3 2004 - 2009 для 12,3 дюйма магнитолы Тип A + B;K135+US.V5;13207;Переходник Андроид магнитолы для Range Rover Sport 2005-2009, Discovery 3 2004-2009 (LZ);5655;45262;ок;1;4;0
Land Rover;Discovery;2014–2019;"12,3""";Андроид магнитола FYT 7862S, 12,3″, 8/128 ГБ, QLED;26400;Переходная рамка для Land Rover Discovery Sport 2014 - 2019 для 12,3 дюйма магнитолы;122B;2049;Переходник Андроид магнитолы для Land Rover Discovery Sport 2016-2019 (без CD);9474;37923;ок;1;4;0
Land Rover;Freelander;2003–2006;"9""";Андроид магнитола FYT 7862S, 9″, 4/64 ГБ, QLED 2K;17000;Переходная рамка для Land Rover Freelander 2003 - 2006 9 дюймов;LA 005N;2100;Переходник Андроид магнитолы для Land Rover Freelander 2 2006-2012 (Тип1);881;19981;ок;1;4;0
Land Rover;Freelander;2006–2012;"9""";Андроид магнитола FYT 7862S, 9″, 4/64 ГБ, QLED 2K;17000;Переходная рамка для Land Rover Freelander 2 2006 - 2012 9 дюймов;LA 003N;2730;Переходник Андроид магнитолы для Land Rover Freelander 2 2006-2012 (Тип1);881;20611;ок;1;4;0
Land Rover;Freelander;2006–2012;"12,3""";Андроид магнитола FYT 7862S, 12,3″, 8/128 ГБ, QLED;26400;Переходная рамка в Land Rover Freelander 2 2006 - 2012 для 12,3 дюйма магнитолы с RGB дефлекторами;K157+10I 11+US.V5;16211;Переходник Андроид магнитолы для Land Rover Freelander 2 2006-2012 (Тип1);881;43492;ок;1;4;0
Land Rover;Range Rover Sport;2005–2009;"9""";Андроид магнитола FYT 7862S, 9″, 4/64 ГБ, QLED 2K;17000;Переходная рамка для Land Rover Range Rover Sport 2005 - 2009 9 дюймов;LA 006N;5045;Переходник Андроид магнитолы для Range Rover Sport 2005-2009, Discovery 3 2004-2009 (LZ);5655;27700;ок;1;2;0
Land Rover;Range Rover Sport;2005–2009;"12,3""";Андроид магнитола FYT 7862S, 12,3″, 8/128 ГБ, QLED;26400;Установочный комплект для магнитол 12.3 дюйма в Land Rover Range Rover Sport 05-09 (без Bosche);IN-LR1005С;15834;Переходник Андроид магнитолы для Range Rover Sport 2005-2009, Discovery 3 2004-2009 (LZ);5655;47889;ок;1;2;0
Lexus;ES;1996–2001;"9""";Андроид магнитола FYT 7862S, 9″, 4/64 ГБ, QLED 2K;17000;Переходная рамка в Toyota Windom 96-01, Lexus ES300 97 - 99 9 дюймов (орех);LE 050N;2827;Переходник Андроид магнитолы для Toyota Prius 20 (с усилителем), Prado 2003-2013 (с усилителем), ES 2001-2006;2467;22294;ПРОВЕРИТЬ: годы проводки не совпали;1;3;0
Lexus;ES;2001–2006;"9""";Андроид магнитола FYT 7862S, 9″, 4/64 ГБ, QLED 2K;17000;Переходная рамка для Toyota Windom, Lexus ES300 2001 - 2006 9 дюймов;TO 217N;1007;Переходник Андроид магнитолы для Toyota Prius 20 (с усилителем), Prado 2003-2013 (с усилителем), ES 2001-2006;2467;20474;ок;1;3;0
Lexus;ES;2006–2012;"9""";Андроид магнитола FYT 7862S, 9″, 4/64 ГБ, QLED 2K;17000;Установочный комплект для магнитолы 9 дюймов в Lexus ES 2006 - 2012 тип B (HW);IN-LE 102N;7923;Переходник Андроид магнитолы для Toyota Prius 20 (с усилителем), Prado 2003-2013 (с усилителем), ES 2001-2006;2467;27390;ок;2;3;0
Lexus;ES;2013–2017;"9""";Андроид магнитола FYT 7862S, 9″, 4/64 ГБ, QLED 2K;17000;Установочный комплект для магнитол 9 дюймов в Lexus ES 2013 - 2017 для авто без джойстика;LE 033N + WICAN;10162;Переходник Андроид магнитолы для Lexus NX 2014-2021;5306;32468;ок;1;3;0
Lexus;GS;1997–2004;"9""";Андроид магнитола FYT 7862S, 9″, 4/64 ГБ, QLED 2K;17000;Переходная рамка для Lexus GS, Toyota Aristo 1997 - 2004 9 дюймов (для авто с Navi);LE 035N;2485;Переходник Андроид магнитолы для Lexus GS, Toyota Aristo 1997-2004 (без монитора);2274;21759;ок;1;1;0
Lexus;GS;2004–2011;"9""";Андроид магнитола FYT 7862S, 9″, 4/64 ГБ, QLED 2K;17000;Установочный комплект для магнитолы 9 дюймов в Lexus GS 2004 - 2011;IN-LE 111N;11083;Переходник Андроид магнитолы для Lexus GS, Toyota Aristo 1997-2004 (без монитора);2274;30357;ок;1;1;0
Lexus;GX;2002–2009;"9""";Андроид магнитола FYT 7862S, 9″, 4/64 ГБ, QLED 2K;17000;Переходная рамка для Toyota Land Cruiser Prado, Lexus GX 2002 - 2009 9 дюймов;TO 204N;690;Переходник Андроид магнитолы для Toyota 2003-2013 XP;2450;20140;ок;4;2;0
Lexus;GX;2002–2009;"12,3""";Андроид магнитола FYT 7862S, 12,3″, 8/128 ГБ, QLED;26400;Переходная рамка в Toyota Land Cruiser Prado, Lexus GX 02-09 для 12,3 дюйма магнитолы (для авто без монитора);K183 PA1/PA3;8302;Переходник Андроид магнитолы для Toyota 2003-2013 XP;2450;37152;ок;1;2;0
Lexus;LS;2006–2006;"9""";Андроид магнитола FYT 7862S, 9″, 4/64 ГБ, QLED 2K;17000;Переходная рамка для Lexus LS430 2000 - 2006 9 дюймов (для авто без монитора);LE 021N;1075;Переходник Андроид магнитолы для Lexus LS430 (с монитором);4163;22238;ок;2;1;0
Lexus;LX;1998–2002;"9""";Андроид магнитола FYT 7862S, 9″, 4/64 ГБ, QLED 2K;17000;Переходная рамка для Lexus LX470, Toyota Land Cruiser 98 - 02 9 дюймов (для авто без монитора);LE 023N;1094;Переходник Андроид магнитолы для Toyota Land Cruiser, Lexus LX470 2003-2007;3473;21567;ПРОВЕРИТЬ: годы проводки не совпали;2;1;0
Lexus;LX;2003–2007;"10""";Андроид магнитола FYT 7862S, 10″, 4/64 ГБ, QLED 2K;17100;Переходная рамка для Toyota Land Cruiser 100, Lexus LX470 2003 - 2007 10 дюймов;TO 279T;823;Переходник Андроид магнитолы для Toyota Land Cruiser, Lexus LX470 2003-2007;3473;21396;ок;2;1;0
Lexus;LX;2007–2015;"9""";Андроид магнитола FYT 7862S, 9″, 4/64 ГБ, QLED 2K;17000;Установочный комплект для магнитол 9 дюймов в Lexus LX570 2007 - 2015 тип A+B (BSJ);IN-LE1051N;26442;Переходник Андроид магнитолы для Toyota Land Cruiser, Lexus LX470 2003-2007;3473;46915;ок;1;1;0
Lexus;LX;2009–2011;"9""";Андроид магнитола FYT 7862S, 9″, 4/64 ГБ, QLED 2K;17000;Установочный комплект для магнитол 9 дюймов в Lexus LX570 2009 - 2011 тип B (LZ);TK1694 - B;12443;Переходник Андроид магнитолы для Toyota Land Cruiser, Lexus LX470 2003-2007;3473;32916;ПРОВЕРИТЬ: годы проводки не совпали;2;1;0
Lexus;NX;2014–2017;"9""";Андроид магнитола FYT 7862S, 9″, 4/64 ГБ, QLED 2K;17000;Переходная рамка для Lexus NX 2014 - 2017 9 дюймов;LE 032N;2136;Переходник Андроид магнитолы для Lexus NX 2014-2021;5306;24442;ок;1;3;0
Lexus;RX;1997–2003;"9""";Андроид магнитола FYT 7862S, 9″, 4/64 ГБ, QLED 2K;17000;Переходная рамка для Toyota Harrier, Lexus RX 1997 - 2003 9 дюймов;TO 274N;2672;Переходник Андроид магнитолы для Toyota Harrier, Lexus RX 1997-2003;3326;22998;ок;3;9;0
Lexus;RX;2003–2009;"9""";Андроид магнитола FYT 7862S, 9″, 4/64 ГБ, QLED 2K;17000;Установочный комплект для магнитолы 9 дюймов в Toyota Harrier 2003 - 2012, Lexus RX 03- 09 верх;LEXRX3MFB;12917;Переходник Андроид магнитолы для Toyota Harrier 2003-2013, RX 2003-2009 (взамен верх. монитора, тип 1);2246;32163;ок;1;9;0
Lexus;RX;2003–2009;"12,3""";Андроид магнитола FYT 7862S, 12,3″, 8/128 ГБ, QLED;26400;Установочный комплект для магнитол 12.3 дюйма в Toyota Harrier 03-12, Lexus RX 03-09 (авто с усил.);IN-TY1067C;12967;Переходник Андроид магнитолы для Toyota Harrier 2003-2013, RX 2003-2009 (взамен верх. монитора, тип 1);2246;41613;ок;1;9;0
Lexus;RX;2003–2012;"9""";Андроид магнитола FYT 7862S, 9″, 4/64 ГБ, QLED 2K;17000;Переходная рамка для Toyota Harrier 2003 - 2012, Lexus RX 2003 - 2009 9 дюймов (низ);LE 020N;1069;Переходник Андроид магнитолы для Toyota Harrier 2003-2013, RX 2003-2009 (взамен верх. монитора, тип 1);2246;20315;ок;2;9;0
Lexus;RX;2003–2012;"10""";Андроид магнитола FYT 7862S, 10″, 4/64 ГБ, QLED 2K;17100;Переходная рамка для Toyota Harrier 2003 - 2012, Lexus RX 2003 - 2009 10 дюймов (низ);TK673;950;Переходник Андроид магнитолы для Toyota Harrier 2003-2013, RX 2003-2009 (взамен верх. монитора, тип 1);2246;20296;ок;1;9;0
Lexus;RX;2008–2012;"12,3""";Андроид магнитола FYT 7862S, 12,3″, 8/128 ГБ, QLED;26400;Установочный комплект для магнитол 12.3 дюйма в Lexus RX 2008 - 2012 (авто без джойстика, лев. руль);IN-LE1044C;14083;Переходник Андроид магнитолы для Toyota Harrier 2003-2013, RX 2003-2009 (взамен верх. монитора, тип 1);2246;42729;ок;2;9;0
Lexus;RX;2009–2014;"9""";Андроид магнитола FYT 7862S, 9″, 4/64 ГБ, QLED 2K;17000;Переходная рамка для Lexus RX270, RX350 2009 - 2014 9 дюймов (левый руль);LE 026N;3048;Переходник Андроид магнитолы для Lexus RX270, RX350 2009-2014 (без монитора);9218;29266;ок;1;9;0
Lexus;RX;2009–2014;"12,3""";Андроид магнитола FYT 7862S, 12,3″, 8/128 ГБ, QLED;26400;Установочный комплект для магнитолы 12,3 дюйма в Lexus RX270, RX350 2009 - 2014 тип B;IN-LE 129C;24474;Переходник Андроид магнитолы для Lexus RX270, RX350 2009-2014 (без монитора);9218;60092;ок;2;9;0
Lexus;RX;2009–2015;"12,3""";Андроид магнитола FYT 7862S, 12,3″, 8/128 ГБ, QLED;26400;Переходная рамка для Lexus RX 2009 - 2015 для 12,3 дюйма магнитолы;101B;4997;Переходник Андроид магнитолы для Lexus RX270, RX350 2009-2014 (без монитора);9218;40615;ок;1;9;0
Lexus;RX;2016–2019;"12,3""";Андроид магнитола FYT 7862S, 12,3″, 8/128 ГБ, QLED;26400;Переходная рамка в Lexus RX 2016 - 2019 для 12,3 дюйма магнитолы (правый руль);K28 PA1;3039;Переходник Андроид магнитолы для Lexus NX 2014-2021;5306;34745;ок;1;9;0
Lexus;RX;2020–2022;"12,3""";Андроид магнитола FYT 7862S, 12,3″, 8/128 ГБ, QLED;26400;Переходная рамка для Lexus RX 2020 - 2022 для 12,3 дюйма магнитолы (левый руль);142B;1145;Переходник Андроид магнитолы для Lexus RX 2020-2022 (с 360);12218;39763;ок;1;9;0
Mazda;2 (Demio);2002–2010;"10""";Андроид магнитола FYT 7862S, 10″, 4/64 ГБ, QLED 2K;17100;Переходная рамка для Mazda 2, Demio 2002 - 2007 10 дюймов (взамен верхнего бардачка);MA 062T;1910;Переходник Андроид магнитолы для Mazda 2002+;550;19560;ок;1;3;0
Mazda;2 (Demio);2007–2012;"9""";Андроид магнитола FYT 7862S, 9″, 4/64 ГБ, QLED 2K;17000;Переходная рамка для Mazda 2, Demio 2007 - 2012 9 дюймов;MA 031N;991;Переходник Андроид магнитолы для Mazda 2002+;550;18541;ок;1;3;0
Mazda;2 (Demio);2014–2022;"9""";Андроид магнитола FYT 7862S, 9″, 4/64 ГБ, QLED 2K;17000;Переходная рамка для Mazda 2, Demio 2014+ 9 дюймов;MA 069N;1197;Переходник Андроид магнитолы для Mazda 2002+;550;18747;ок;1;3;0
Mazda;2 (Demio);2014–2022;"12,3""";Андроид магнитола FYT 7862S, 12,3″, 8/128 ГБ, QLED;26400;Переходная рамка в Mazda 2, Demio 2014+ для 12,3 дюйма магнитолы;181B;2200;Переходник Андроид магнитолы для Mazda 2002+;550;29150;ок;1;3;0
Mazda;3 (Axela);2003–2009;"9""";Андроид магнитола FYT 7862S, 9″, 4/64 ГБ, QLED 2K;17000;Переходная рамка для Mazda 3, Axela 2003 - 2009 9 дюймов;AYMA3A014;701;Переходник Андроид магнитолы для Mazda 2002+;550;18251;ок;1;7;0
Mazda;3 (Axela);2009–2013;"9""";Андроид магнитола FYT 7862S, 9″, 4/64 ГБ, QLED 2K;17000;Переходная рамка для Mazda 3, Axela 2009 - 2013 9 дюймов;MA 034N;613;Переходник Андроид магнитолы для Mazda 2002+;550;18163;ок;1;7;0
Mazda;3 (Axela);2014–2019;"9""";Андроид магнитола FYT 7862S, 9″, 4/64 ГБ, QLED 2K;17000;Переходная рамка для Mazda 3, Axela 2014 - 2019 9 дюймов;MA 058N;1725;Переходник Андроид магнитолы для Mazda 2002+;550;19275;ок;2;7;0
Mazda;3 (Axela);2019–2026;"12,3""";Андроид магнитола FYT 7862S, 12,3″, 8/128 ГБ, QLED;26400;Переходная рамка в Mazda 3, Axela 2019+ для 12,3 дюйма магнитолы (правый руль);K186+10I 11;3741;Переходник Андроид магнитолы для Mazda 2014+;2954;33095;ок;1;7;0
Mazda;323 (Familia);1998–2004;"10""";Андроид магнитола FYT 7862S, 10″, 4/64 ГБ, QLED 2K;17100;Переходная рамка для Mazda Familia 1998 - 2004, 323 1998 - 2003, Ford Laser 1998 - 2007 10 дюймов;MA 050T;649;Переходник Андроид магнитолы для Mazda 2002+;550;18299;ок;1;1;0
Mazda;5 (Premacy);2005–2010;"9""";Андроид магнитола FYT 7862S, 9″, 4/64 ГБ, QLED 2K;17000;Переходная рамка для Mazda 5, Premacy 2005 - 2010 9 дюймов;MA 035N;1186;Переходник Андроид магнитолы для Mazda 2002+;550;18736;ок;1;4;0
Mazda;5 (Premacy);2010–2018;"9""";Андроид магнитола FYT 7862S, 9″, 4/64 ГБ, QLED 2K;17000;Переходная рамка для Mazda 5, Premacy 2010 - 2018 9 дюймов;MA 030N;765;Переходник Андроид магнитолы для Mazda 2002+;550;18315;ок;1;4;0
Mazda;6 (Atenza);2002–2007;"9""";Андроид магнитола FYT 7862S, 9″, 4/64 ГБ, QLED 2K;17000;Установочный комплект для магнитол 9 дюймов в Mazda 6, Atenza 2002 - 2007;TK263;4355;Переходник Андроид магнитолы для Mazda 2002+;550;21905;ок;1;8;0
Mazda;6 (Atenza);2007–2012;"9""";Андроид магнитола FYT 7862S, 9″, 4/64 ГБ, QLED 2K;17000;Переходная рамка для Mazda 6, Atenza 2007 - 2012 9 дюймов;MA 037N;923;Переходник Андроид магнитолы для Mazda 2002+;550;18473;ок;1;8;0
Mazda;6 (Atenza);2012–2015;"12,3""";Андроид магнитола FYT 7862S, 12,3″, 8/128 ГБ, QLED;26400;Переходная рамка для Mazda 6, Atenza 2012 - 2015 для 12,3 дюйма магнитолы;057B;1802;Переходник Андроид магнитолы для Mazda 2002+;550;28752;ок;1;8;0
Mazda;6 (Atenza);2012–2017;"9""";Андроид магнитола FYT 7862S, 9″, 4/64 ГБ, QLED 2K;17000;Переходная рамка для Mazda 6, Atenza 2012 - 2017 9 дюймов;MA 043N;1525;Переходник Андроид магнитолы для Mazda 2002+;550;19075;ок;1;8;0
Mazda;6 (Atenza);2015–2018;"9""";Андроид магнитола FYT 7862S, 9″, 4/64 ГБ, QLED 2K;17000;Переходная рамка для Mazda 6 2015 - 2018 9 дюймов;MA 063N;1673;Переходник Андроид магнитолы для Mazda 2002+;550;19223;ок;1;8;0
Mazda;6 (Atenza);2015–2018;"12,3""";Андроид магнитола FYT 7862S, 12,3″, 8/128 ГБ, QLED;26400;Переходная рамка для Mazda 6 2015 - 2018 для 12,3 дюйма магнитолы;028B;1693;Переходник Андроид магнитолы для Mazda 2002+;550;28643;ок;1;8;0
Mazda;6 (Atenza);2019–2026;"9""";Андроид магнитола FYT 7862S, 9″, 4/64 ГБ, QLED 2K;17000;Переходная рамка для Mazda 6 2019+ 9 дюймов;MA 053N;2046;Переходник Андроид магнитолы для Mazda 2015+ HW;3485;22531;ок;1;8;0
Mazda;Axela;2014–2019;"9""";Андроид магнитола FYT 7862S, 9″, 4/64 ГБ, QLED 2K;17000;Переходная рамка для Mazda 3, Axela 2014 - 2019 9 дюймов;MA 058N;1725;Переходник Андроид магнитолы для Mazda 2002+;550;19275;ок;1;3;0
Mazda;BT-50;2006–2010;"9""";Андроид магнитола FYT 7862S, 9″, 4/64 ГБ, QLED 2K;17000;Переходная рамка для Ford Ranger 2006 - 2010, Mazda BT-50 2006 - 2010 9 дюймов;FRAN06MFB;1137;Переходник Андроид магнитолы для Mazda 2002+;550;18687;ок;1;1;0
Mazda;CX-3;2014–2022;"12,3""";Андроид магнитола FYT 7862S, 12,3″, 8/128 ГБ, QLED;26400;Переходная рамка в Mazda CX-3 2014+ для 12,3 дюйма магнитолы (правый руль);188B;1916;Переходник Андроид магнитолы для Mazda 2002+;550;28866;ок;1;2;0
Mazda;CX-4;2016–2019;"9""";Андроид магнитола FYT 7862S, 9″, 4/64 ГБ, QLED 2K;17000;Установочный комплект для магнитол 9 дюймов в Mazda CX-4 2016-2019 (с джойстиком, для авто без мон.);TK0136;3682;Переходник Андроид магнитолы для Mazda 2002+;550;21232;ок;1;3;0
Mazda;CX-5;2011–2017;"9""";Андроид магнитола FYT 7862S, 9″, 4/64 ГБ, QLED 2K;17000;Переходная рамка для Mazda CX-5 2011 - 2017 9 дюймов;MA 070N;1032;Переходник Андроид магнитолы для Mazda 2002+;550;18582;ок;1;4;0
Mazda;CX-5;2011–2017;"10""";Андроид магнитола FYT 7862S, 10″, 4/64 ГБ, QLED 2K;17100;Переходная рамка для Mazda CX-5 2011 - 2017 10 дюймов;TK137;1035;Переходник Андроид магнитолы для Mazda 2002+;550;18685;ок;1;4;0
Mazda;CX-5;2011–2017;"12,3""";Андроид магнитола FYT 7862S, 12,3″, 8/128 ГБ, QLED;26400;Переходная рамка для Mazda CX-5 2011 - 2017 для 12,3 дюйма магнитолы;056B;1336;Переходник Андроид магнитолы для Mazda 2002+;550;28286;ок;1;4;0
Mazda;CX-5;2017–2021;"9""";Андроид магнитола FYT 7862S, 9″, 4/64 ГБ, QLED 2K;17000;Переходная рамка для Mazda CX-5 2017 - 2021 9 дюймов (для авто с китайского рынка);MA 057N;1969;Переходник Андроид магнитолы для Mazda 2002+;550;19519;ок;2;4;0
Mazda;CX-5;2017–2021;"12,3""";Андроид магнитола FYT 7862S, 12,3″, 8/128 ГБ, QLED;26400;Переходная рамка в Mazda CX-5 2017 - 2021 для 12,3 дюйма магнитолы (для автомобилей из США и Европы);TK3067;2299;Переходник Андроид магнитолы для Mazda 2002+;550;29249;ок;1;4;0
Mazda;CX-5;2022–2026;"10""";Андроид магнитола FYT 7862S, 10″, 4/64 ГБ, QLED 2K;17100;Переходная рамка для Mazda CX-5 2022+ 10 дюймов (левый руль);MA 085T;2391;Переходник Андроид магнитолы для Mazda 2012+ (сПоддержкой джойстика);2994;22485;ок;1;4;0
Mazda;CX-7;2006–2012;"9""";Андроид магнитола FYT 7862S, 9″, 4/64 ГБ, QLED 2K;17000;Переходная рамка для Mazda CX-7 2006 - 2012 9 дюймов;MA 044N;902;Переходник Андроид магнитолы для Mazda 2002+;550;18452;ок;1;6;0
Mazda;CX-8;2017–2021;"9""";Андроид магнитола FYT 7862S, 9″, 4/64 ГБ, QLED 2K;17000;Переходная рамка в Mazda CX-5, CX-8 2017 - 2021 9 дюймов (правый руль);MA 075N;2594;Переходник Андроид магнитолы для Mazda 2002+;550;20144;ок;1;1;0
Mazda;CX-9;2007–2015;"10""";Андроид магнитола FYT 7862S, 10″, 4/64 ГБ, QLED 2K;17100;Переходная рамка для Mazda CX-9 2007 - 2015 10 дюймов;MA 045T;927;Переходник Андроид магнитолы для Mazda 2002+;550;18577;ок;1;3;0
Mazda;CX-9;2016–2019;"12,3""";Андроид магнитола FYT 7862S, 12,3″, 8/128 ГБ, QLED;26400;Переходная рамка в Mazda CX-9 2016 — 2021 для 12,3 дюйма магнитолы;K129 PA1/PA3;3775;Переходник Андроид магнитолы для Mazda 2002+;550;30725;ок;1;3;0
Mazda;Demio;2002–2010;"10""";Андроид магнитола FYT 7862S, 10″, 4/64 ГБ, QLED 2K;17100;Переходная рамка для Mazda 2, Demio 2002 - 2007 10 дюймов (взамен верхнего бардачка);MA 062T;1910;Переходник Андроид магнитолы для Mazda 2002+;550;19560;ок;1;2;0
Mazda;Demio;2007–2012;"9""";Андроид магнитола FYT 7862S, 9″, 4/64 ГБ, QLED 2K;17000;Переходная рамка для Mazda 2, Demio 2007 - 2012 9 дюймов;MA 031N;991;Переходник Андроид магнитолы для Mazda 2002+;550;18541;ок;1;2;0
Mazda;Demio;2014–2022;"9""";Андроид магнитола FYT 7862S, 9″, 4/64 ГБ, QLED 2K;17000;Переходная рамка для Mazda 2, Demio 2014+ 9 дюймов;MA 069N;1197;Переходник Андроид магнитолы для Mazda 2002+;550;18747;ок;1;2;0
Mazda;Demio;2014–2022;"12,3""";Андроид магнитола FYT 7862S, 12,3″, 8/128 ГБ, QLED;26400;Переходная рамка в Mazda 2, Demio 2014+ для 12,3 дюйма магнитолы;181B;2200;Переходник Андроид магнитолы для Mazda 2002+;550;29150;ок;1;2;0
Mazda;Familia;1998–2004;"10""";Андроид магнитола FYT 7862S, 10″, 4/64 ГБ, QLED 2K;17100;Переходная рамка для Mazda Familia 1998 - 2004, 323 1998 - 2003, Ford Laser 1998 - 2007 10 дюймов;MA 050T;649;Переходник Андроид магнитолы для Mazda 2002+;550;18299;ок;1;2;0
Mazda;Familia;2002–2008;"9""";Андроид магнитола FYT 7862S, 9″, 4/64 ГБ, QLED 2K;17000;Переходная рамка для Mazda Familia 2002 - 2008 9 дюймов для авто с кондиционером;MA 047N;1157;Переходник Андроид магнитолы для Mazda 2002+;550;18707;ок;2;2;0
Mazda;MPV;2002–2007;"9""";Андроид магнитола FYT 7862S, 9″, 4/64 ГБ, QLED 2K;17000;Переходная рамка для Mazda MPV 2002 - 2007 9 дюймов;MA 054N;1816;Переходник Андроид магнитолы для Mazda 2002+;550;19366;ок;1;1;0
Mazda;Premacy;2005–2010;"9""";Андроид магнитола FYT 7862S, 9″, 4/64 ГБ, QLED 2K;17000;Переходная рамка для Mazda 5, Premacy 2005 - 2010 9 дюймов;MA 035N;1186;Переходник Андроид магнитолы для Mazda 2002+;550;18736;ок;1;3;0
Mazda;Tribute;2000–2007;"9""";Андроид магнитола FYT 7862S, 9″, 4/64 ГБ, QLED 2K;17000;Переходная рамка для Mazda Tribute 2000 - 2007 9 дюймов;MA 072N;1193;Переходник Андроид магнитолы для Mazda 2002+;550;18743;ок;1;1;0
Mazda;Tribute;2001–2007;"9""";Андроид магнитола FYT 7862S, 9″, 4/64 ГБ, QLED 2K;17000;Переходная рамка для Ford Escape 2001 - 2007, Mazda Tribute 2001 - 2005 9 дюймов;MA 061N;850;Переходник Андроид магнитолы для Mazda 2002+;550;18400;ок;1;1;0
Mazda;Tribute;2007–2012;"9""";Андроид магнитола FYT 7862S, 9″, 4/64 ГБ, QLED 2K;17000;Переходная рамка для Ford Escape (II), Mazda Tribute (II) 2007 - 2012 9 дюймов (черная);FR 092N;772;Переходник Андроид магнитолы для Mazda 2002+;550;18322;ок;1;1;0
Mercedes-Benz;A-Класс;2004–2011;"9""";Андроид магнитола FYT 7862S, 9″, 4/64 ГБ, QLED 2K;17000;Переходная рамка в Mercedes-Benz A-class (W169) 2004-2011,B-class (W245) 2004-2011 9 дюймов;TK2288;2633;Переходник Андроид магнитолы для Mercedes-Benz универсальный;3400;23033;ок;1;2;0
Mercedes-Benz;A-Класс;2006–2018;"9""";Андроид магнитола FYT 7862S, 9″, 4/64 ГБ, QLED 2K;17000;Переходная рамка для Mercedes-Benz универсальная 2004 - 2018 9 дюймов;TK0759;850;Переходник Андроид магнитолы для Mercedes-Benz универсальный;3400;21250;ок;1;2;0
Mercedes-Benz;B-Класс;2004–2011;"9""";Андроид магнитола FYT 7862S, 9″, 4/64 ГБ, QLED 2K;17000;Переходная рамка в Mercedes-Benz A-class (W169) 2004-2011,B-class (W245) 2004-2011 9 дюймов;TK2288;2633;Переходник Андроид магнитолы для Mercedes-Benz универсальный;3400;23033;ок;1;2;0
Mercedes-Benz;B-Класс;2006–2018;"9""";Андроид магнитола FYT 7862S, 9″, 4/64 ГБ, QLED 2K;17000;Переходная рамка для Mercedes-Benz универсальная 2004 - 2018 9 дюймов;TK0759;850;Переходник Андроид магнитолы для Mercedes-Benz универсальный;3400;21250;ок;1;2;0
Mercedes-Benz;B-Класс;2011–2018;"12,3""";Андроид магнитола FYT 7862S, 12,3″, 8/128 ГБ, QLED;26400;Переходная рамка в Mercedes-Benz B-class (W246) 2011 - 2018 для 12,3 дюйма магнитолы (правый руль);K245+10I 11;3502;Переходник Андроид магнитолы для Mercedes-Benz универсальный;3400;33302;ок;1;2;0
Mercedes-Benz;C-Класс;1992–2001;"9""";Андроид магнитола FYT 7862S, 9″, 4/64 ГБ, QLED 2K;17000;Переходная рамка в Mercedes-Benz C-class (W202) 1992 - 2001 9 дюймов орех;BE 074N;4359;Переходник Андроид магнитолы для Mercedes-Benz (MOST) S, CL, E, SL, C, CLK, ML 2000-2005;6494;27853;ок;1;7;0
Mercedes-Benz;C-Класс;2000–2006;"9""";Андроид магнитола FYT 7862S, 9″, 4/64 ГБ, QLED 2K;17000;Переходная рамка для Mercedes-Benz C-class (W203) 2000 - 2004, (W209) 2002 - 2005 9 дюймов Тип2;TK566;718;Переходник Андроид магнитолы для Mercedes-Benz (MOST) S, CL, E, SL, C, CLK, ML 2000-2005;6494;24212;ок;1;7;0
Mercedes-Benz;C-Класс;2006–2011;"9""";Андроид магнитола FYT 7862S, 9″, 4/64 ГБ, QLED 2K;17000;Переходная рамка для Mercedes-Benz C-class (W204) 2006 - 2011 9 дюймов (коричневая);BE 039N;908;Переходник Андроид магнитолы для Mercedes-Benz C-class (W204) 2006-2011;3267;21175;ок;1;7;0
Mercedes-Benz;C-Класс;2011–2015;"12,3""";Андроид магнитола FYT 7862S, 12,3″, 8/128 ГБ, QLED;26400;Переходная рамка для Mercedes-Benz C-class (W204) 2011 - 2015 для 12,3 дюйма магнитолы;TK3066;1670;Переходник Андроид магнитолы для Mercedes-Benz универсальный;3400;31470;ок;1;7;0
Mercedes-Benz;CLS;2002–2009;"9""";Андроид магнитола FYT 7862S, 9″, 4/64 ГБ, QLED 2K;17000;Переходная рамка для Mercedes-Benz E-сlass (W211) 2002 - 2009, CLS-сlass (C219) 04-10 9 дюймов;BE 035N;654;Переходник Андроид магнитолы для Mercedes-Benz универсальный;3400;21054;ок;1;1;0
Mercedes-Benz;E-Класс;2002–2009;"9""";Андроид магнитола FYT 7862S, 9″, 4/64 ГБ, QLED 2K;17000;Переходная рамка для Mercedes-Benz E-сlass (W211) 2002 - 2009, CLS-сlass (C219) 04-10 9 дюймов;BE 035N;654;Переходник Андроид магнитолы для Mercedes-Benz универсальный;3400;21054;ок;1;4;0
Mercedes-Benz;E-Класс;2009–2016;"10""";Андроид магнитола FYT 7862S, 10″, 4/64 ГБ, QLED 2K;17100;Переходная рамка для Mercedes-Benz E-class седан (W212, S212) 2009 - 2016 10 дюймов (левый руль);BE 044T;1586;Переходник Андроид магнитолы для Mercedes-Benz универсальный;3400;22086;ок;1;4;0
Mercedes-Benz;E-Класс;2009–2016;"12,3""";Андроид магнитола FYT 7862S, 12,3″, 8/128 ГБ, QLED;26400;Переходная рамка для Mercedes-Benz E-class седан (W212, S212) 09 - 16 для 12,3 дюйма магнитолы (правый руль) ##;167B;4097;Переходник Андроид магнитолы для Mercedes-Benz универсальный;3400;33897;ок;1;4;0
Mercedes-Benz;G-Класс;2000–2006;"9""";Андроид магнитола FYT 7862S, 9″, 4/64 ГБ, QLED 2K;17000;Переходная рамка для Mercedes-Benz C-class (W203) 2000 - 2004, (W209) 2002 - 2005 9 дюймов Тип2;TK566;718;Переходник Андроид магнитолы для Mercedes-Benz универсальный;3400;21118;ок;1;2;0
Mercedes-Benz;G-Класс;2012–2018;"12,3""";Андроид магнитола FYT 7862S, 12,3″, 8/128 ГБ, QLED;26400;Переходная рамка в Mercedes-Benz G-class (W463) 2012 - 2018 для 12,3 дюйма магнитолы ##;FR-ME 105C;5527;Переходник Андроид магнитолы для Mercedes-Benz универсальный;3400;35327;ок;1;2;0
Mercedes-Benz;GL;2005–2012;"9""";Андроид магнитола FYT 7862S, 9″, 4/64 ГБ, QLED 2K;17000;Переходная рамка для Mercedes-Benz ML (W164), GL (X164) 2005 - 2012 9 дюймов (черн.);MBM05MFB;993;Переходник Андроид магнитолы для Mercedes-Benz универсальный;3400;21393;ок;2;2;0
Mercedes-Benz;GLC;2015–2019;"12,3""";Андроид магнитола FYT 7862S, 12,3″, 8/128 ГБ, QLED;26400;Переходная рамка для Mercedes-Benz GLC (X253) 2015 - 2019 для 12,3 дюйма магнитолы;FR-ME 101C;2348;Переходник Андроид магнитолы для Mercedes-Benz универсальный;3400;32148;ок;1;1;0
Mercedes-Benz;GLK;2013–2015;"12,3""";Андроид магнитола FYT 7862S, 12,3″, 8/128 ГБ, QLED;26400;Переходная рамка в Mercedes-Benz GLK (X204) 2013 - 2015 для 12,3 дюйма магнитолы (правый руль);FR-ME1008С;4340;Переходник Андроид магнитолы для Mercedes-Benz универсальный;3400;34140;ок;1;2;0
Mercedes-Benz;ML;2003–2005;"9""";Андроид магнитола FYT 7862S, 9″, 4/64 ГБ, QLED 2K;17000;Переходная рамка для Mercedes-Benz M-class (W163) 2003 - 2005 9 дюймов черная;BE 048N;2226;Переходник Андроид магнитолы для Mercedes-Benz универсальный;3400;22626;ок;1;3;0
Mercedes-Benz;ML;2005–2012;"9""";Андроид магнитола FYT 7862S, 9″, 4/64 ГБ, QLED 2K;17000;Переходная рамка для Mercedes-Benz ML (W164), GL (X164) 2005 - 2012 9 дюймов (черн.);MBM05MFB;993;Переходник Андроид магнитолы для Mercedes-Benz универсальный;3400;21393;ок;2;3;0
Mercedes-Benz;S-Класс;1998–2005;"9""";Андроид магнитола FYT 7862S, 9″, 4/64 ГБ, QLED 2K;17000;Переходная рамка для Mercedes-Benz S-class (W220) 1998 - 2005 9 дюймов орех;BE 027N;2201;Переходник Андроид магнитолы для Mercedes-Benz (MOST) S, CL, E, SL, C, CLK, ML 2000-2005;6494;25695;ок;1;4;0
Mercedes-Benz;Sprinter;2000–2006;"9""";Андроид магнитола FYT 7862S, 9″, 4/64 ГБ, QLED 2K;17000;Переходная рамка для Mercedes-Benz Sprinter (W903) 2000 - 2006 9 дюймов;BE 071N;2090;Переходник Андроид магнитолы для Mercedes-Benz универсальный;3400;22490;ок;1;4;0
Mercedes-Benz;Sprinter;2006–2018;"9""";Андроид магнитола FYT 7862S, 9″, 4/64 ГБ, QLED 2K;17000;Переходная рамка для Mercedes-Benz универсальная 2004 - 2018 9 дюймов;TK0759;850;Переходник Андроид магнитолы для Mercedes-Benz универсальный;3400;21250;ок;2;4;0
Mercedes-Benz;Sprinter;2006–2018;"10""";Андроид магнитола FYT 7862S, 10″, 4/64 ГБ, QLED 2K;17100;Переходная рамка для Mercedes-Benz Sprinter 2006 — 2018 10 дюймов;BE 072T;2591;Переходник Андроид магнитолы для Mercedes-Benz универсальный;3400;23091;ок;1;4;0
Mercedes-Benz;Sprinter;2018–2025;"10""";Андроид магнитола FYT 7862S, 10″, 4/64 ГБ, QLED 2K;17100;Переходная рамка в Mercedes-Benz Sprinter 2018+ 10 дюймов Тип 2;BE 073T;3039;Адаптер для штатной камеры Mercedes Benz, Ford, Porsche;450;20589;ок;1;4;0
Mercedes-Benz;Viano;2000–2006;"9""";Андроид магнитола FYT 7862S, 9″, 4/64 ГБ, QLED 2K;17000;Переходная рамка для Mercedes-Benz C-class (W203) 2000 - 2004, (W209) 2002 - 2005 9 дюймов Тип2;TK566;718;Переходник Андроид магнитолы для Mercedes-Benz универсальный;3400;21118;ок;1;1;0
Mercedes-Benz;Viano;2003–2010;"10""";Андроид магнитола FYT 7862S, 10″, 4/64 ГБ, QLED 2K;17100;Переходная рамка для Mercedes-Benz Vito, Viano (W639) 2003 - 2010 10 дюймов;BE 056T;1196;Переходник Андроид магнитолы для Mercedes-Benz универсальный;3400;21696;ок;1;1;0
Mercedes-Benz;Viano;2006–2018;"9""";Андроид магнитола FYT 7862S, 9″, 4/64 ГБ, QLED 2K;17000;Переходная рамка для Mercedes-Benz универсальная 2004 - 2018 9 дюймов;TK0759;850;Переходник Андроид магнитолы для Mercedes-Benz универсальный;3400;21250;ок;1;1;0
Mercedes-Benz;Vito;2003–2010;"10""";Андроид магнитола FYT 7862S, 10″, 4/64 ГБ, QLED 2K;17100;Переходная рамка для Mercedes-Benz Vito, Viano (W639) 2003 - 2010 10 дюймов;BE 056T;1196;Переходник Андроид магнитолы для Mercedes-Benz универсальный;3400;21696;ок;1;1;0
Mercedes-Benz;Vito;2006–2018;"9""";Андроид магнитола FYT 7862S, 9″, 4/64 ГБ, QLED 2K;17000;Переходная рамка для Mercedes-Benz универсальная 2004 - 2018 9 дюймов;TK0759;850;Переходник Андроид магнитолы для Mercedes-Benz универсальный;3400;21250;ок;1;1;0
Mercedes-Benz;Vito;2010–2014;"10""";Андроид магнитола FYT 7862S, 10″, 4/64 ГБ, QLED 2K;17100;Переходная рамка в Mercedes-Benz Vito 2010 - 2014 10 дюймов;BE 080T;1580;Переходник Андроид магнитолы для Mercedes-Benz универсальный;3400;22080;ок;1;1;0
Mercedes-Benz;Vito;2014–2023;"10""";Андроид магнитола FYT 7862S, 10″, 4/64 ГБ, QLED 2K;17100;Переходная рамка в Mercedes-Benz Vito (W447) 2014 - 2023 10 дюймов Тип2;BE 078T;2810;Переходник Андроид магнитолы для Mercedes-Benz универсальный;3400;23310;ок;1;1;0
Mitsubishi;ASX;2010–2016;"10""";Андроид магнитола FYT 7862S, 10″, 4/64 ГБ, QLED 2K;17100;Переходная рамка для Mitsubishi ASX, RVR 2010 - 2016 10 дюймов;TK075;1713;Переходник Андроид магнитолы для Mitsubishi 2007+;650;19463;ок;2;4;0
Mitsubishi;ASX;2010–2016;"12,3""";Андроид магнитола FYT 7862S, 12,3″, 8/128 ГБ, QLED;26400;Переходная рамка в Mitsubishi ASX, RVR 2010 - 2016 для 12,3 дюйма магнитолы;K149;6434;Переходник Андроид магнитолы для Mitsubishi 2007+;650;33484;ок;1;4;0
Mitsubishi;ASX;2016–2023;"10""";Андроид магнитола FYT 7862S, 10″, 4/64 ГБ, QLED 2K;17100;Переходная рамка для Mitsubishi ASX, RVR 2016+ 10 дюймов тип 2;MI 121T;1677;Переходник Андроид магнитолы для Mitsubishi 2007+;650;19427;ок;1;4;0
Mitsubishi;ASX;2020–2025;"10""";Андроид магнитола FYT 7862S, 10″, 4/64 ГБ, QLED 2K;17100;Переходная рамка для Mitsubishi ASX 2020+ 10 дюймов (левый руль, авто с монитором);MI 077T;817;Переходник Андроид магнитолы для Mitsubishi 2007+;650;18567;ок;1;4;0
Mitsubishi;Airtrek;2001–2005;"10""";Андроид магнитола FYT 7862S, 10″, 4/64 ГБ, QLED 2K;17100;Переходная рамка для Mitsubishi Outlander, Airtrek 2001 - 2005 10 дюймов;MI 086T;1292;Переходник Андроид магнитолы для Mitsubishi 1995-2010;600;18992;ок;1;5;0
Mitsubishi;Airtrek;2002–2009;"9""";Андроид магнитола FYT 7862S, 9″, 4/64 ГБ, QLED 2K;17000;Переходная рамка для Mitsubishi Outlander, Airtrek 2002 - 2009 9 дюймов;MI 064N;640;Переходник Андроид магнитолы для Mitsubishi 1995-2010;600;18240;ок;1;5;0
Mitsubishi;Airtrek;2002–2009;"10""";Андроид магнитола FYT 7862S, 10″, 4/64 ГБ, QLED 2K;17100;Переходная рамка для Mitsubishi Airtrek 2002 - 2009 10 дюймов (правый руль);MI 073T;1638;Переходник Андроид магнитолы для Mitsubishi 1995-2010;600;19338;ок;1;5;0
Mitsubishi;Colt;2004–2012;"9""";Андроид магнитола FYT 7862S, 9″, 4/64 ГБ, QLED 2K;17000;Переходная рамка для Mitsubishi Colt, Colt Plus 2004 - 2012 9 дюймов (правый руль);MI 081N;919;Переходник Андроид магнитолы для Mitsubishi 1995-2010;600;18519;ок;2;4;0
Mitsubishi;Colt Plus;2004–2012;"9""";Андроид магнитола FYT 7862S, 9″, 4/64 ГБ, QLED 2K;17000;Переходная рамка для Mitsubishi Colt, Colt Plus 2004 - 2012 9 дюймов (правый руль);MI 081N;919;Переходник Андроид магнитолы для Mitsubishi 1995-2010;600;18519;ок;2;4;0
Mitsubishi;Delica;1994–2007;"9""";Андроид магнитола FYT 7862S, 9″, 4/64 ГБ, QLED 2K;17000;Переходная рамка для Mitsubishi Delica 1994 - 2007 9 дюймов (взамен верхнего бардачка);MI 120N;1292;Переходник Андроид магнитолы для Mitsubishi 1995-2010;600;18892;ок;1;4;0
Mitsubishi;Delica;2022–2026;"10""";Андроид магнитола FYT 7862S, 10″, 4/64 ГБ, QLED 2K;17100;Переходная рамка в Mitsubishi Delica Mini 2022+ 10 дюймов;NI 278T;2009;Переходник Андроид магнитолы для Mitsubishi 2007+;650;19759;ок;1;4;0
Mitsubishi;Delica D2;2011–2015;"9""";Андроид магнитола FYT 7862S, 9″, 4/64 ГБ, QLED 2K;17000;Переходная рамка для Suzuki Solio (MA15) 2011 - 2015, MMC Delica D2 2011 - 2015 9 дюймов;SU 081N;2226;Переходник Андроид магнитолы для Mitsubishi 2007+;650;19876;ок;1;4;0
Mitsubishi;Delica D2;2016–2020;"9""";Андроид магнитола FYT 7862S, 9″, 4/64 ГБ, QLED 2K;17000;Переходная рамка для Suzuki Solio (MA26), MMC Delica D2 2016 - 2020 9 дюймов (черная);SU 107N;1839;Переходник Андроид магнитолы для Mitsubishi 2007+;650;19489;ок;2;4;0
Mitsubishi;Delica D5;2007–2009;"10""";Андроид магнитола FYT 7862S, 10″, 4/64 ГБ, QLED 2K;17100;Переходная рамка для Mitsubishi Delica D5 2007 - 2009 10 дюймов;MI 117T;1514;Переходник Андроид магнитолы для Mitsubishi 1995-2010;600;19214;ок;1;4;0
Mitsubishi;Delica D5;2009–2019;"9""";Андроид магнитола FYT 7862S, 9″, 4/64 ГБ, QLED 2K;17000;Переходная рамка для Mitsubishi Delica D5 2009 - 2019, Outlander 2012+ 9 дюймов (правый руль);MI 087N;1401;Переходник Андроид магнитолы для Mitsubishi 2007+;650;19051;ок;1;4;0
Mitsubishi;Delica D5;2010–2019;"9""";Андроид магнитола FYT 7862S, 9″, 4/64 ГБ, QLED 2K;17000;Переходная рамка в Mitsubishi Delica D5 2010 - 2019 9 дюймов;MI 167N;2970;Переходник Андроид магнитолы для Mitsubishi 2007+;650;20620;ок;1;4;0
Mitsubishi;Delica D5;2018–2025;"10""";Андроид магнитола FYT 7862S, 10″, 4/64 ГБ, QLED 2K;17100;Переходная рамка для Mitsubishi Delica D5 2018+ 10 дюймов;MI 131T;3793;Переходник Андроид магнитолы для Mitsubishi 2007+;650;21543;ок;1;4;0
Mitsubishi;Eclipse Cross;2017–2021;"9""";Андроид магнитола FYT 7862S, 9″, 4/64 ГБ, QLED 2K;17000;Переходная рамка для Mitsubishi Eclipse Cross 2017 - 2021 9 дюймов;MI 072N;1755;Переходник Андроид магнитолы для Mitsubishi 2007+;650;19405;ок;2;5;0
Mitsubishi;Eclipse Cross;2021–2025;"10""";Андроид магнитола FYT 7862S, 10″, 4/64 ГБ, QLED 2K;17100;Переходная рамка в Mitsubishi Eclipse Cross 2021+ 10 дюймов Тип3;MI 146N;4415;Переходник Андроид магнитолы для Mitsubishi 2007+;650;22165;ок;1;5;0
Mitsubishi;Galant;2003–2012;"9""";Андроид магнитола FYT 7862S, 9″, 4/64 ГБ, QLED 2K;17000;Переходная рамка для Mitsubishi Galant 2003 - 2012 9 дюймов;MI 118N;3210;Переходник Андроид магнитолы для штатных систем Clarion;300;20510;ок;1;5;0
Mitsubishi;Grandis;2003–2009;"9""";Андроид магнитола FYT 7862S, 9″, 4/64 ГБ, QLED 2K;17000;Переходная рамка для Mitsubishi Grandis 2003 - 2009 9 дюймов (авто с кондиционером) Тип2;MI 093N;1092;Переходник Андроид магнитолы для Mitsubishi 1995-2010;600;18692;ок;1;4;0
Mitsubishi;Grandis;2003–2009;"12,3""";Андроид магнитола FYT 7862S, 12,3″, 8/128 ГБ, QLED;26400;Переходная рамка в Mitsubishi Grandis 2003 - 2009 для 12,3 дюйма магнитолы (авто с кондиционером);K111 PA8/PA6;6939;Переходник Андроид магнитолы для Mitsubishi 1995-2010;600;33939;ок;1;4;0
Mitsubishi;L200;2006–2015;"9""";Андроид магнитола FYT 7862S, 9″, 4/64 ГБ, QLED 2K;17000;Переходная рамка для Mitsubishi L200 2006 - 2015, Pajero Sport 2008 - 2014 9 дюймов;TK314;1779;Переходник Андроид магнитолы для Mitsubishi 2007+;650;19429;ок;1;5;0
Mitsubishi;L200;2006–2015;"12,3""";Андроид магнитола FYT 7862S, 12,3″, 8/128 ГБ, QLED;26400;Переходная рамка в Mitsubishi L200 2006 - 2015, Pajero Sport 2008 - 2014 для 12,3 дюйма магнитолы;K174+10I 11;6538;Переходник Андроид магнитолы для Mitsubishi 2007+;650;33588;ок;1;5;0
Mitsubishi;L200;2015–2018;"9""";Андроид магнитола FYT 7862S, 9″, 4/64 ГБ, QLED 2K;17000;Переходная рамка для Mitsubishi L200 2015 - 2018, Pajero Sport (МКПП) 9 дюймов (авто с климат.);MI 060N;2004;Переходник Андроид магнитолы для Mitsubishi 2007+;650;19654;ок;1;5;0
Mitsubishi;L200;2019–2026;"9""";Андроид магнитола FYT 7862S, 9″, 4/64 ГБ, QLED 2K;17000;Переходная рамка для Mitsubishi L200 2019+ 9 дюймов;MI 074N;1054;Переходник Андроид магнитолы для Mitsubishi 2007+;650;18704;ок;2;5;0
Mitsubishi;L200;2023–2026;"10""";Андроид магнитола FYT 7862S, 10″, 4/64 ГБ, QLED 2K;17100;Переходная рамка в Mitsubishi L200 2023+ 10 дюймов (для авто без монитора) Тип2;MI 160T;2390;Переходник Андроид магнитолы для Mitsubishi 2007+;650;20140;ок;2;5;0
Mitsubishi;Lancer;2003–2007;"9""";Андроид магнитола FYT 7862S, 9″, 4/64 ГБ, QLED 2K;17000;Переходная рамка для Mitsubishi Lancer 2003 - 2007 9 дюймов (черная);MI 049N;662;Переходник Андроид магнитолы для штатных систем Clarion;300;17962;ок;2;6;0
Mitsubishi;Lancer;2005–2008;"12,3""";Андроид магнитола FYT 7862S, 12,3″, 8/128 ГБ, QLED;26400;Переходная рамка в Mitsubishi Lancer IX 2005 - 2008 для 12,3 дюйма магнитолы;K239+K328;11086;Переходник Андроид магнитолы для штатных систем Clarion;300;37786;ок;1;6;0
Mitsubishi;Lancer;2007–2017;"10""";Андроид магнитола FYT 7862S, 10″, 4/64 ГБ, QLED 2K;17100;Переходная рамка для Mitsubishi Lancer X 2007+ 10 дюймов;AYYSB012;1494;Переходник Андроид магнитолы для Mitsubishi 2007+;650;19244;ок;1;6;0
Mitsubishi;Mirage;2012–2024;"9""";Андроид магнитола FYT 7862S, 9″, 4/64 ГБ, QLED 2K;17000;Переходная рамка для Mitsubishi Mirage 2012+ 9 дюймов;MI 052N;1383;Переходник Андроид магнитолы для Mitsubishi 2007+;650;19033;ок;1;4;0
Mitsubishi;Outlander;2001–2005;"10""";Андроид магнитола FYT 7862S, 10″, 4/64 ГБ, QLED 2K;17100;Переходная рамка для Mitsubishi Outlander, Airtrek 2001 - 2005 10 дюймов;MI 086T;1292;Переходник Андроид магнитолы для штатных систем Clarion;300;18692;ок;1;8;0
Mitsubishi;Outlander;2002–2009;"9""";Андроид магнитола FYT 7862S, 9″, 4/64 ГБ, QLED 2K;17000;Переходная рамка для Mitsubishi Outlander, Airtrek 2002 - 2009 9 дюймов;MI 064N;640;Переходник Андроид магнитолы для штатных систем Clarion;300;17940;ок;1;8;0
Mitsubishi;Outlander;2007–2012;"9""";Андроид магнитола FYT 7862S, 9″, 4/64 ГБ, QLED 2K;17000;Переходная рамка для Mitsubishi Outlander 2007 - 2012 9 дюймов;MI 055N;1331;Переходник Андроид магнитолы для Mitsubishi 2007+;650;18981;ок;1;8;0
Mitsubishi;Outlander;2007–2012;"12,3""";Андроид магнитола FYT 7862S, 12,3″, 8/128 ГБ, QLED;26400;Переходная рамка в Mitsubishi Outlander 2007 - 2012 для 12,3 дюйма магнитолы;K18 PA2+10I 11;7890;Переходник Андроид магнитолы для Mitsubishi 2007+;650;34940;ок;1;8;0
Mitsubishi;Outlander;2012–2018;"10""";Андроид магнитола FYT 7862S, 10″, 4/64 ГБ, QLED 2K;17100;Переходная рамка для Mitsubishi Outlander 2012 - 2018 MFAB дисплея (левый руль);TK0155;1481;Переходник Андроид магнитолы для Mitsubishi 2007+;650;19231;ок;1;8;0
Mitsubishi;Outlander;2012–2018;"12,3""";Андроид магнитола FYT 7862S, 12,3″, 8/128 ГБ, QLED;26400;Переходная рамка в Mitsubishi Outlander 2012 - 2018 для 12,3 дюйма магнитолы (левый руль);K212;7553;Переходник Андроид магнитолы для Mitsubishi 2007+;650;34603;ок;1;8;0
Mitsubishi;Outlander;2012–2021;"9""";Андроид магнитола FYT 7862S, 9″, 4/64 ГБ, QLED 2K;17000;Переходная рамка для Mitsubishi Outlander 2012 - 2021 9 дюймов (правый руль);MI 115N;2142;Переходник Андроид магнитолы для Mitsubishi 2007+;650;19792;ок;1;8;0
Mitsubishi;Outlander;2018–2026;"10""";Андроид магнитола FYT 7862S, 10″, 4/64 ГБ, QLED 2K;17100;Переходная рамка для Mitsubishi Outlander 2018+ 10 дюймов (левый руль);TK457;1307;Переходник Андроид магнитолы для Mitsubishi 2007+;650;19057;ок;1;8;0
Mitsubishi;Outlander;2022–2026;"10""";Андроид магнитола FYT 7862S, 10″, 4/64 ГБ, QLED 2K;17100;Переходная рамка в Mitsubishi Outlander 2022+ 10 дюймов;TK2444;2009;Переходник Андроид магнитолы в Mitsubishi Outlander 2022+ (Китай и ОАЭ);3100;22209;ок;1;8;0
Mitsubishi;Pajero;1991–1999;"9""";Андроид магнитола FYT 7862S, 9″, 4/64 ГБ, QLED 2K;17000;Переходная рамка для Mitsubishi Pajero 2 1991 - 1999 9 дюймов;MI 102N;635;Переходник Андроид магнитолы для штатных систем Clarion;300;17935;ок;1;7;0
Mitsubishi;Pajero;1991–2005;"9""";Андроид магнитола FYT 7862S, 9″, 4/64 ГБ, QLED 2K;17000;Переходная рамка для Mitsubishi Pajero 2 1991 - 2005 9 дюймов (взамен верхнего БК);TR 013N;1425;Переходник Андроид магнитолы для штатных систем Clarion;300;18725;ок;1;7;0
Mitsubishi;Pajero;1999–2006;"9""";Андроид магнитола FYT 7862S, 9″, 4/64 ГБ, QLED 2K;17000;Переходная рамка для Mitsubishi Pajero III 1999 - 2006 9 дюймов;MI 063N;1448;Переходник Андроид магнитолы для штатных систем Clarion;300;18748;ок;2;7;0
Mitsubishi;Pajero;2006–2014;"12,3""";Андроид магнитола FYT 7862S, 12,3″, 8/128 ГБ, QLED;26400;Установочный комплект для магнитолы 12,3 дюйма в Mitsubishi Pajero 2006 - 2014 (для авто без Navi);IN-MI 103C;9694;Переходник Андроид магнитолы для Mitsubishi 2007+;650;36744;ок;1;7;0
Mitsubishi;Pajero;2006–2023;"9""";Андроид магнитола FYT 7862S, 9″, 4/64 ГБ, QLED 2K;17000;Переходная рамка для Mitsubishi Pajero IV 2006+ 9 дюймов;TK557;828;Переходник Андроид магнитолы для Mitsubishi 2007+;650;18478;ок;1;7;0
Mitsubishi;Pajero Sport;2006–2015;"9""";Андроид магнитола FYT 7862S, 9″, 4/64 ГБ, QLED 2K;17000;Переходная рамка для Mitsubishi L200 2006 - 2015, Pajero Sport 2008 - 2014 9 дюймов;TK314;1779;Переходник Андроид магнитолы для Mitsubishi 2007+;650;19429;ок;1;6;0
Mitsubishi;Pajero Sport;2006–2015;"12,3""";Андроид магнитола FYT 7862S, 12,3″, 8/128 ГБ, QLED;26400;Переходная рамка в Mitsubishi L200 2006 - 2015, Pajero Sport 2008 - 2014 для 12,3 дюйма магнитолы;K174+10I 11;6538;Переходник Андроид магнитолы для Mitsubishi 2007+;650;33588;ок;1;6;0
Mitsubishi;Pajero Sport;2015–2018;"9""";Андроид магнитола FYT 7862S, 9″, 4/64 ГБ, QLED 2K;17000;Переходная рамка для Mitsubishi L200 2015 - 2018, Pajero Sport (МКПП) 9 дюймов (авто с климат.);MI 060N;2004;Переходник Андроид магнитолы для Mitsubishi 2007+;650;19654;ок;1;6;0
Mitsubishi;Pajero Sport;2015–2020;"9""";Андроид магнитола FYT 7862S, 9″, 4/64 ГБ, QLED 2K;17000;Переходная рамка для Mitsubishi Pajero Sport 2015 - 2020 9 дюймов (авто с АКПП);MI 059N;1294;Переходник Андроид магнитолы для Mitsubishi 2007+;650;18944;ок;1;6;0
Mitsubishi;Pajero Sport;2020–2026;"10""";Андроид магнитола FYT 7862S, 10″, 4/64 ГБ, QLED 2K;17100;Переходная рамка для Mitsubishi Pajero Sport 2020+ 10 дюймов;MI 088T;2260;Переходник Андроид магнитолы для Mitsubishi Pajero Sport 2019+ (360);2452;21812;ок;1;6;0
Mitsubishi;Pajero iO;1998–2007;"9""";Андроид магнитола FYT 7862S, 9″, 4/64 ГБ, QLED 2K;17000;Переходная рамка в Mitsubishi Pajero iO 1998 - 2007 9 дюймов (черная);TR 032N;2111;Переходник Андроид магнитолы для Mitsubishi 1995-2010;600;19711;ок;2;5;0
Mitsubishi;RVR;2010–2016;"10""";Андроид магнитола FYT 7862S, 10″, 4/64 ГБ, QLED 2K;17100;Переходная рамка для Mitsubishi ASX, RVR 2010 - 2016 10 дюймов;TK075;1713;Переходник Андроид магнитолы для Mitsubishi 2007+;650;19463;ок;2;4;0
Mitsubishi;RVR;2010–2016;"12,3""";Андроид магнитола FYT 7862S, 12,3″, 8/128 ГБ, QLED;26400;Переходная рамка в Mitsubishi ASX, RVR 2010 - 2016 для 12,3 дюйма магнитолы;K149;6434;Переходник Андроид магнитолы для Mitsubishi 2007+;650;33484;ок;1;4;0
Mitsubishi;RVR;2016–2023;"10""";Андроид магнитола FYT 7862S, 10″, 4/64 ГБ, QLED 2K;17100;Переходная рамка для Mitsubishi ASX, RVR 2016+ 10 дюймов тип 2;MI 121T;1677;Переходник Андроид магнитолы для Mitsubishi 2007+;650;19427;ок;1;4;0
Mitsubishi;RVR;2020–2025;"10""";Андроид магнитола FYT 7862S, 10″, 4/64 ГБ, QLED 2K;17100;Переходная рамка для Mitsubishi ASX 2020+ 10 дюймов (левый руль, авто с монитором);MI 077T;817;Переходник Андроид магнитолы для Mitsubishi 2007+;650;18567;ок;1;4;0
Nissan;Almera;2000–2006;"12,3""";Андроид магнитола FYT 7862S, 12,3″, 8/128 ГБ, QLED;26400;Переходная рамка в Nissan Bluebird Sylphy I (G10) 2000—2005 Almera (RN16) 2000-2006 для 12,3 дюйма магнитолы;K107 PA1/PA3;7884;Переходник Андроид магнитолы для Nissan 1994-2004;500;34784;ок;1;3;0
Nissan;Almera;2002–2006;"10""";Андроид магнитола FYT 7862S, 10″, 4/64 ГБ, QLED 2K;17100;Переходная рамка в Nissan Almera, Sentra 2002 - 2006 10 дюймов;NI 078T;1311;Переходник Андроид магнитолы для Nissan 1994-2004;500;18911;ок;1;3;0
Nissan;Almera;2012–2019;"9""";Андроид магнитола FYT 7862S, 9″, 4/64 ГБ, QLED 2K;17000;Переходная рамка для Nissan Almera 2012 - 2019 9 дюймов;NI 169N;1778;Переходник Андроид магнитолы для Nissan 2004+;550;19328;ок;1;3;0
Nissan;Altima;2014–2016;"10""";Андроид магнитола FYT 7862S, 10″, 4/64 ГБ, QLED 2K;17100;Переходная рамка для Nissan Teana, Altima 2014 - 2016 10 дюймов;NI 046T;1478;Переходник Андроид магнитолы для Nissan 2004+;550;19128;ок;1;3;0
Nissan;Armada;2003–2007;"10""";Андроид магнитола FYT 7862S, 10″, 4/64 ГБ, QLED 2K;17100;Переходная рамка для Nissan X-Trail, Armada (без Bose) 2003 - 2007 10 дюймов;NI 084T;1111;Переходник Андроид магнитолы для Nissan 2004+;550;18761;ок;1;3;0
Nissan;Bluebird;2000–2006;"12,3""";Андроид магнитола FYT 7862S, 12,3″, 8/128 ГБ, QLED;26400;Переходная рамка в Nissan Bluebird Sylphy I (G10) 2000—2005 Almera (RN16) 2000-2006 для 12,3 дюйма магнитолы;K107 PA1/PA3;7884;Переходник Андроид магнитолы для Nissan 1994-2004;500;34784;ок;1;3;0
Nissan;Bluebird;2005–2012;"10""";Андроид магнитола FYT 7862S, 10″, 4/64 ГБ, QLED 2K;17100;Переходная рамка в Nissan Bluebird Sylphy II (G11) 2005 — 2012 10 дюймов;TK0088;1700;Переходник Андроид магнитолы для Nissan 2004+;550;19350;ок;1;3;0
Nissan;Bluebird;2014–2022;"12,3""";Андроид магнитола FYT 7862S, 12,3″, 8/128 ГБ, QLED;26400;Переходная рамка в Nissan Sentra, Tiida, Bluebird Sylphy 2014+ для 12,3 дюйма магнитолы;K60 PA1;4767;Переходник Андроид магнитолы для Nissan 2004+;550;31717;ок;1;3;0
Nissan;Bluebird;2014–2025;"10""";Андроид магнитола FYT 7862S, 10″, 4/64 ГБ, QLED 2K;17100;Переходная рамка для Nissan Sentra, Tiida, Bluebird Sylphy 2014+ 10 дюймов;AYSHYG017;901;Переходник Андроид магнитолы для Nissan 2004+;550;18551;ок;1;3;0
Nissan;Caravan;2001–2012;"9""";Андроид магнитола FYT 7862S, 9″, 4/64 ГБ, QLED 2K;17000;Переходная рамка для Nissan Caravan 2001 - 2012 9 дюймов;NI 132N;2904;Переходник Андроид магнитолы для Nissan 2004+;550;20454;ок;1;3;0
Nissan;Cube;2008–2008;"10""";Андроид магнитола FYT 7862S, 10″, 4/64 ГБ, QLED 2K;17100;Переходная рамка для Nissan Cube 2002 - 2008 10 дюймов;NI 122T;2518;Переходник Андроид магнитолы для Nissan 2004+;550;20168;ок;1;4;0
Nissan;Cube;2012–2019;"10""";Андроид магнитола FYT 7862S, 10″, 4/64 ГБ, QLED 2K;17100;Переходная рамка для Nissan Cube 2012+ 10 дюймов;NI 083T;2818;Переходник Андроид магнитолы для Nissan 2004+;550;20468;ок;1;4;0
Nissan;Dayz;2013–2019;"10""";Андроид магнитола FYT 7862S, 10″, 4/64 ГБ, QLED 2K;17100;Переходная рамка для Nissan Dayz 2013 - 2019 10 дюймов;NI 157T;2344;Переходник Андроид магнитолы для Nissan 2004+;550;19994;ок;1;3;0
Nissan;Dualis;2007–2014;"9""";Андроид магнитола FYT 7862S, 9″, 4/64 ГБ, QLED 2K;17000;Переходная рамка для Nissan Qashqai, Dualis 2007 - 2014 9 дюймов;TK0264;1508;Переходник Андроид магнитолы для Nissan 2004+;550;19058;ок;3;4;0
Nissan;Dualis;2007–2014;"12,3""";Андроид магнитола FYT 7862S, 12,3″, 8/128 ГБ, QLED;26400;Переходная рамка в Nissan Qashqai, Dualis 2007 - 2014 для 12,3 дюйма магнитолы;K193+K328;6929;Переходник Андроид магнитолы для Nissan 2004+;550;33879;ок;1;4;0
Nissan;Elgrand;2002–2010;"9""";Андроид магнитола FYT 7862S, 9″, 4/64 ГБ, QLED 2K;17000;Переходная рамка для Nissan Elgrand 2002 - 2010 9 дюймов;NI 055N;3263;Переходник Андроид магнитолы для Nissan 2004+;550;20813;ок;1;3;0
Nissan;Fuga;2005–2009;"9""";Андроид магнитола FYT 7862S, 9″, 4/64 ГБ, QLED 2K;17000;Переходная рамка для Infiniti M35, Nissan Fuga 2005 - 2009 9 дюймов;IN 003N;1082;Переходник Андроид магнитолы для Nissan 2004+;550;18632;ок;1;3;0
Nissan;Juke;2010–2018;"9""";Андроид магнитола FYT 7862S, 9″, 4/64 ГБ, QLED 2K;17000;Переходная рамка для Nissan Juke 2010 - 2018 9 дюймов;TK755;1129;Переходник Андроид магнитолы для Nissan 2004+;550;18679;ок;1;4;0
Nissan;Kicks;2016–2024;"10""";Андроид магнитола FYT 7862S, 10″, 4/64 ГБ, QLED 2K;17100;Переходная рамка в Nissan Kicks 2016+ 10 дюймов (левый руль);NI 142T;1090;Переходник Андроид магнитолы для Nissan Kicks 2016+ (левый руль);3546;21736;ок;1;4;0
Nissan;Kicks;2020–2026;"10""";Андроид магнитола FYT 7862S, 10″, 4/64 ГБ, QLED 2K;17100;Переходная рамка для Nissan Kicks 2020+ 10 дюймов (правый руль);NI 188T;1546;Переходник Андроид магнитолы для Nissan Kicks 2016+ (левый руль);3546;22192;ок;1;4;0
Nissan;Latio;2010–2013;"9""";Андроид магнитола FYT 7862S, 9″, 4/64 ГБ, QLED 2K;17000;Переходная рамка для Nissan March (K13) 2010 - 2013, Nissan Latio 2010 - 2013 9 дюймов;NI 051N;827;Переходник Андроид магнитолы для Nissan 2004+;550;18377;ок;1;3;0
Nissan;Latio;2013–2019;"9""";Андроид магнитола FYT 7862S, 9″, 4/64 ГБ, QLED 2K;17000;Переходная рамка для Nissan March 2013 - 2019, Nissan Latio (N17) 2013 - 2017 9 дюймов;NI 097N;1608;Переходник Андроид магнитолы для Nissan 2004+;550;19158;ок;1;3;0
Nissan;Leaf;2009–2017;"9""";Андроид магнитола FYT 7862S, 9″, 4/64 ГБ, QLED 2K;17000;Переходная рамка для Nissan Leaf 2009 - 2017 9 дюймов;NI 127N;2345;Переходник Андроид магнитолы для Nissan 2004+;550;19895;ок;1;4;0
Nissan;Leaf;2017–2026;"9""";Андроид магнитола FYT 7862S, 9″, 4/64 ГБ, QLED 2K;17000;Переходная рамка для Nissan Leaf 2017+ 9 дюймов;NI 166N;1061;Переходник Андроид магнитолы для Nissan Leaf 2017-2022 (без 360);2356;20417;ок;1;4;0
Nissan;March;2002–2010;"9""";Андроид магнитола FYT 7862S, 9″, 4/64 ГБ, QLED 2K;17000;Переходная рамка для Nissan March (K12) 2002 - 2010 9 дюймов (серая);NI 147N;1729;Переходник Андроид магнитолы для Nissan 2004+;550;19279;ок;1;3;0
Nissan;March;2010–2013;"9""";Андроид магнитола FYT 7862S, 9″, 4/64 ГБ, QLED 2K;17000;Переходная рамка для Nissan March (K13) 2010 - 2013, Nissan Latio 2010 - 2013 9 дюймов;NI 051N;827;Переходник Андроид магнитолы для Nissan 2004+;550;18377;ок;1;3;0
Nissan;March;2013–2019;"9""";Андроид магнитола FYT 7862S, 9″, 4/64 ГБ, QLED 2K;17000;Переходная рамка для Nissan March 2013 - 2019, Nissan Latio (N17) 2013 - 2017 9 дюймов;NI 097N;1608;Переходник Андроид магнитолы для Nissan 2004+;550;19158;ок;1;3;0
Nissan;Maxima;1998–2003;"9""";Андроид магнитола FYT 7862S, 9″, 4/64 ГБ, QLED 2K;17000;Переходная рамка в Nissan Maxima (A33) 1998 - 2003 9 дюймов (серая);NI 256N;2276;Переходник Андроид магнитолы для Nissan 1994-2004;500;19776;ок;1;3;0
Nissan;Murano;2002–2008;"9""";Андроид магнитола FYT 7862S, 9″, 4/64 ГБ, QLED 2K;17000;Переходная рамка для Nissan Murano (Z50) 2002 - 2008 9 дюймов взамен БК;NI 171N;1833;Переходник Андроид магнитолы для Nissan 2004+;550;19383;ок;1;6;0
Nissan;Murano;2007–2016;"9""";Андроид магнитола FYT 7862S, 9″, 4/64 ГБ, QLED 2K;17000;Переходная рамка для Nissan Murano 2007 - 2016 9 дюймов;NI 138N;1755;Переходник Андроид магнитолы для Nissan 2004+;550;19305;ок;2;6;0
Nissan;Murano;2016–2024;"10""";Андроид магнитола FYT 7862S, 10″, 4/64 ГБ, QLED 2K;17100;Переходная рамка для Nissan Murano 2016+ 10 дюймов;TK090;1060;Переходник Андроид магнитолы для Nissan Murano 2016+ (360);3602;21762;ок;1;6;0
Nissan;NV100;2015–2026;"9""";Андроид магнитола FYT 7862S, 9″, 4/64 ГБ, QLED 2K;17000;Переходная рамка для Suzuki Every, Nissan NV100 2015+ 9 дюймов;SU 077N;1041;Переходник Андроид магнитолы для Nissan 2004+;550;18591;ок;1;3;0
Nissan;NV200;2009–2018;"9""";Андроид магнитола FYT 7862S, 9″, 4/64 ГБ, QLED 2K;17000;Переходная рамка в Nissan NV200 2009+ 9 дюймов (черная);NI 269N;1334;Переходник Андроид магнитолы для Nissan 2004+;550;18884;ок;1;3;0
Nissan;NV200;2009–2019;"9""";Андроид магнитола FYT 7862S, 9″, 4/64 ГБ, QLED 2K;17000;Переходная рамка для Nissan NV200 2009+ 9 дюймов (серебристая);NI 075N;1442;Переходник Андроид магнитолы для Nissan 2004+;550;18992;ок;1;3;0
Nissan;NV350;2012–2017;"9""";Андроид магнитола FYT 7862S, 9″, 4/64 ГБ, QLED 2K;17000;Переходная рамка для Nissan NV350 2012 - 2017 9 дюймов;NI 104N;760;Переходник Андроид магнитолы для Nissan 2004+;550;18310;ок;1;3;0
Nissan;NV350;2012–2017;"10""";Андроид магнитола FYT 7862S, 10″, 4/64 ГБ, QLED 2K;17100;Переходная рамка в Nissan NV350 2012 - 2017 10 дюймов;NI 273T;2417;Переходник Андроид магнитолы для Nissan 2004+;550;20067;ок;1;3;0
Nissan;Navara;1997–2004;"10""";Андроид магнитола FYT 7862S, 10″, 4/64 ГБ, QLED 2K;17100;Переходная рамка для Nissan Navara 1997 - 2004 10 дюймов;NI 110T;1056;Переходник Андроид магнитолы для Nissan 1994-2004;500;18656;ок;1;3;0
Nissan;Navara;2004–2010;"9""";Андроид магнитола FYT 7862S, 9″, 4/64 ГБ, QLED 2K;17000;Переходная рамка для Nissan Navara 2004 - 2010 9 дюймов;NI 065N;3327;Переходник Андроид магнитолы для Nissan 2004+;550;20877;ок;1;3;0
Nissan;Navara;2006–2012;"9""";Андроид магнитола FYT 7862S, 9″, 4/64 ГБ, QLED 2K;17000;Переходная рамка для Nissan Navara 2006 - 2012 9 дюймов;NI 165N;1268;Переходник Андроид магнитолы для Nissan 2004+;550;18818;ок;1;3;0
Nissan;Note;2005–2013;"9""";Андроид магнитола FYT 7862S, 9″, 4/64 ГБ, QLED 2K;17000;Переходная рамка для Nissan Note 2005 - 2013 (E11, NE11, ZE11) 9 дюймов;NI 146N;1583;Переходник Андроид магнитолы для Nissan 2004+;550;19133;ок;1;4;0
Nissan;Note;2012–2020;"10""";Андроид магнитола FYT 7862S, 10″, 4/64 ГБ, QLED 2K;17100;Переходная рамка для Nissan Note 2012 - 2020 10 дюймов (правый руль);TK481;2006;Переходник Андроид магнитолы для Nissan 2004+;550;19656;ок;1;4;0
Nissan;Note;2021–2026;"10""";Андроид магнитола FYT 7862S, 10″, 4/64 ГБ, QLED 2K;17100;Переходная рамка для Nissan Note 2021+ 10 дюймов (правый руль);NI 210T;903;Переходник Андроид магнитолы для Nissan 2014+;730;18733;ок;1;4;0
Nissan;Pathfinder;2004–2010;"9""";Андроид магнитола FYT 7862S, 9″, 4/64 ГБ, QLED 2K;17000;Переходная рамка для Nissan Pathfinder 2004 - 2010 9 дюймов Тип2;NI 175N;4910;Переходник Андроид магнитолы для Nissan 2004+;550;22460;ок;1;3;0
Nissan;Pathfinder;2010–2014;"9""";Андроид магнитола FYT 7862S, 9″, 4/64 ГБ, QLED 2K;17000;Переходная рамка для Nissan Pathfinder 2010 - 2014 9 дюймов (взамен нижнего CD);NI 197N;2430;Переходник Андроид магнитолы для Nissan 2004+;550;19980;ок;1;3;0
Nissan;Pathfinder;2012–2020;"9""";Андроид магнитола FYT 7862S, 9″, 4/64 ГБ, QLED 2K;17000;Переходная рамка в Nissan Pathfinder 2012 - 2020 9 дюймов;NI 241N;5527;Переходник Андроид магнитолы для Nissan 2004+;550;23077;ок;1;3;0
Nissan;Patrol;1997–2002;"9""";Андроид магнитола FYT 7862S, 9″, 4/64 ГБ, QLED 2K;17000;Переходная рамка для Nissan Safari, Patrol 1997 - 2002 9 дюймов;NI 179N;2201;Переходник Андроид магнитолы для Nissan 1994-2004;500;19701;ок;1;4;0
Nissan;Patrol;1997–2004;"9""";Андроид магнитола FYT 7862S, 9″, 4/64 ГБ, QLED 2K;17000;Переходная рамка в Nissan Patrol 1997 - 2004 9 дюймов (правый руль);NI 230N;2218;Переходник Андроид магнитолы для Nissan 1994-2004;500;19718;ок;1;4;0
Nissan;Patrol;2010–2017;"9""";Андроид магнитола FYT 7862S, 9″, 4/64 ГБ, QLED 2K;17000;Переходная рамка в Nissan Patrol 2010 - 2017, Infiniti QX 2010 - 2020 9 дюймов;NI 135N;4028;Переходник Андроид магнитолы для Nissan 2004+;550;21578;ок;1;4;0
Nissan;Primera;1990–1997;"9""";Андроид магнитола FYT 7862S, 9″, 4/64 ГБ, QLED 2K;17000;Переходная рамка в Nissan Primera (P10) 1990 - 1997 9 дюймов (для авто с климат-контролем);IN 009N;3948;Переходник Андроид магнитолы для Nissan 1994-2004;500;21448;ок;1;3;0
Nissan;Primera;2001–2008;"9""";Андроид магнитола FYT 7862S, 9″, 4/64 ГБ, QLED 2K;17000;Переходная рамка для Nissan Primera 2001 - 2008 9 дюймов;NI 237N;1881;Переходник Андроид магнитолы для Nissan 2004+;550;19431;ок;1;3;0
Nissan;Qashqai;2007–2014;"9""";Андроид магнитола FYT 7862S, 9″, 4/64 ГБ, QLED 2K;17000;Переходная рамка для Nissan Qashqai, Dualis 2007 - 2014 9 дюймов;TK0264;1508;Переходник Андроид магнитолы для Nissan 2004+;550;19058;ок;3;5;0
Nissan;Qashqai;2007–2014;"12,3""";Андроид магнитола FYT 7862S, 12,3″, 8/128 ГБ, QLED;26400;Переходная рамка в Nissan Qashqai, Dualis 2007 - 2014 для 12,3 дюйма магнитолы;K193+K328;6929;Переходник Андроид магнитолы для Nissan 2004+;550;33879;ок;1;5;0
Nissan;Qashqai;2014–2022;"9""";Андроид магнитола FYT 7862S, 9″, 4/64 ГБ, QLED 2K;17000;Переходная рамка в Nissan Qashqai, X-Trail 2014+ (с климат контролем) 9 дюймов;NI 234N;3555;Переходник Андроид магнитолы для Nissan 2014+;730;21285;ок;1;5;0
Nissan;Qashqai;2014–2025;"10""";Андроид магнитола FYT 7862S, 10″, 4/64 ГБ, QLED 2K;17100;Переходная рамка для Nissan Qashqai, X-Trail 2014+ (для любой комплектации авто) 10 дюймов;TK0328;1027;Переходник Андроид магнитолы для Nissan 2014+;730;18857;ок;2;5;0
Nissan;Qashqai;2018–2023;"10""";Андроид магнитола FYT 7862S, 10″, 4/64 ГБ, QLED 2K;17100;Установочный комплект для магнитол 10 дюймов в Nissan Qashqai, X-Trail 2018 - 2023 правый руль и 360;IN-XT004-2;2562;Переходник Андроид магнитолы для Nissan 2014+;730;20392;ок;1;5;0
Nissan;Safari;1997–2002;"9""";Андроид магнитола FYT 7862S, 9″, 4/64 ГБ, QLED 2K;17000;Переходная рамка для Nissan Safari, Patrol 1997 - 2002 9 дюймов;NI 179N;2201;Переходник Андроид магнитолы для Nissan 1994-2004;500;19701;ок;1;3;0
Nissan;Sentra;2002–2006;"10""";Андроид магнитола FYT 7862S, 10″, 4/64 ГБ, QLED 2K;17100;Переходная рамка в Nissan Almera, Sentra 2002 - 2006 10 дюймов;NI 078T;1311;Переходник Андроид магнитолы для Nissan 1994-2004;500;18911;ок;1;3;0
Nissan;Sentra;2014–2022;"12,3""";Андроид магнитола FYT 7862S, 12,3″, 8/128 ГБ, QLED;26400;Переходная рамка в Nissan Sentra, Tiida, Bluebird Sylphy 2014+ для 12,3 дюйма магнитолы;K60 PA1;4767;Переходник Андроид магнитолы для Nissan 2004+;550;31717;ок;1;3;0
Nissan;Sentra;2014–2025;"10""";Андроид магнитола FYT 7862S, 10″, 4/64 ГБ, QLED 2K;17100;Переходная рамка для Nissan Sentra, Tiida, Bluebird Sylphy 2014+ 10 дюймов;AYSHYG017;901;Переходник Андроид магнитолы для Nissan 2004+;550;18551;ок;1;3;0
Nissan;Serena;2005–2008;"9""";Андроид магнитола FYT 7862S, 9″, 4/64 ГБ, QLED 2K;17000;Переходная рамка для Nissan Serena 2005 - 2008 9 дюймов;NI 105N;3390;Переходник Андроид магнитолы для Nissan 2004+;550;20940;ок;1;5;0
Nissan;Serena;2008–2010;"9""";Андроид магнитола FYT 7862S, 9″, 4/64 ГБ, QLED 2K;17000;Переходная рамка для Nissan Serena 2008 - 2010 9 дюймов;NI 108N;2013;Переходник Андроид магнитолы для Nissan 2004+;550;19563;ок;1;5;0
Nissan;Serena;2010–2016;"9""";Андроид магнитола FYT 7862S, 9″, 4/64 ГБ, QLED 2K;17000;Переходная рамка для Nissan Serena 2010 - 2016 9 дюймов;NI 077N;1032;Переходник Андроид магнитолы для Nissan 2004+;550;18582;ок;1;5;0
Nissan;Serena;2016–2019;"10""";Андроид магнитола FYT 7862S, 10″, 4/64 ГБ, QLED 2K;17100;Переходная рамка для Nissan Serena 2016 - 2019 10 дюймов Тип1;TK587;1035;Переходник Андроид магнитолы для Nissan 2004+;550;18685;ок;2;5;0
Nissan;Serena;2019–2022;"10""";Андроид магнитола FYT 7862S, 10″, 4/64 ГБ, QLED 2K;17100;Переходная рамка для Nissan Serena 2019 - 2022 10 дюймов;NI 114T;1512;Переходник Андроид магнитолы для Nissan 2014+;730;19342;ок;1;5;0
Nissan;Sunny;1998–2004;"10""";Андроид магнитола FYT 7862S, 10″, 4/64 ГБ, QLED 2K;17100;Переходная рамка для Nissan Sunny 1998 - 2004 10 дюймов;NI 168T;3519;Переходник Андроид магнитолы для Nissan 1994-2004;500;21119;ок;1;3;0
Nissan;Teana;2003–2008;"9""";Андроид магнитола FYT 7862S, 9″, 4/64 ГБ, QLED 2K;17000;Переходная рамка для Nissan Teana 2003 - 2008 9 дюймов Тип1;NI 087N;1223;Переходник Андроид магнитолы для Nissan Teana 2003-2008;5011;23234;ок;2;8;0
Nissan;Teana;2008–2013;"9""";Андроид магнитола FYT 7862S, 9″, 4/64 ГБ, QLED 2K;17000;Переходная рамка для Nissan Teana 2008 - 2013 9 дюймов;NI 100N;1470;Переходник Андроид магнитолы для Nissan 2004+;550;19020;ок;1;8;0
Nissan;Teana;2008–2013;"10""";Андроид магнитола FYT 7862S, 10″, 4/64 ГБ, QLED 2K;17100;Переходная рамка для Nissan Teana 2008 - 2013 10 дюймов;106-00405-109;1275;Переходник Андроид магнитолы для Nissan 2004+;550;18925;ок;1;8;0
Nissan;Teana;2014–2016;"10""";Андроид магнитола FYT 7862S, 10″, 4/64 ГБ, QLED 2K;17100;Переходная рамка для Nissan Teana, Altima 2014 - 2016 10 дюймов;NI 046T;1478;Переходник Андроид магнитолы для Nissan 2004+;550;19128;ок;1;8;0
Nissan;Terrano;2014–2022;"9""";Андроид магнитола FYT 7862S, 9″, 4/64 ГБ, QLED 2K;17000;Переходная рамка для Nissan Terrano 2014+ 9 дюймов;NI 125N;2007;Переходник Андроид магнитолы для Nissan 2004+;550;19557;ок;1;3;0
Nissan;Tiida;2004–2012;"9""";Андроид магнитола FYT 7862S, 9″, 4/64 ГБ, QLED 2K;17000;Переходная рамка для Nissan Tiida 2004 - 2012 9 дюймов;TK315;1507;Переходник Андроид магнитолы для Nissan 2004+;550;19057;ок;3;3;0
Nissan;Tiida;2004–2012;"12,3""";Андроид магнитола FYT 7862S, 12,3″, 8/128 ГБ, QLED;26400;Переходная рамка в Nissan Tiida 2004 - 2012 для 12,3 дюйма магнитолы серая;K58 PA1/PA3+K328;7083;Переходник Андроид магнитолы для Nissan 2004+;550;34033;ок;1;3;0
Nissan;Tiida;2014–2022;"12,3""";Андроид магнитола FYT 7862S, 12,3″, 8/128 ГБ, QLED;26400;Переходная рамка в Nissan Sentra, Tiida, Bluebird Sylphy 2014+ для 12,3 дюйма магнитолы;K60 PA1;4767;Переходник Андроид магнитолы для Nissan 2004+;550;31717;ок;1;3;0
Nissan;Tiida;2014–2025;"10""";Андроид магнитола FYT 7862S, 10″, 4/64 ГБ, QLED 2K;17100;Переходная рамка для Nissan Sentra, Tiida, Bluebird Sylphy 2014+ 10 дюймов;AYSHYG017;901;Переходник Андроид магнитолы для Nissan 2004+;550;18551;ок;1;3;0
Nissan;Wingroad;2005–2018;"9""";Андроид магнитола FYT 7862S, 9″, 4/64 ГБ, QLED 2K;17000;Переходная рамка для Nissan Wingroad (Y12) 2005 - 2018 9 дюймов;NI 131N;1517;Переходник Андроид магнитолы для Nissan 2004+;550;19067;ок;1;3;0
Nissan;X-Trail;2000–2003;"9""";Андроид магнитола FYT 7862S, 9″, 4/64 ГБ, QLED 2K;17000;Переходная рамка для Nissan X-Trail (T30) 2000 - 2003 9 дюймов;NI 066N;1592;Переходник Андроид магнитолы для штатных систем Clarion;300;18892;ок;1;7;0
Nissan;X-Trail;2003–2007;"10""";Андроид магнитола FYT 7862S, 10″, 4/64 ГБ, QLED 2K;17100;Переходная рамка для Nissan X-Trail, Armada (без Bose) 2003 - 2007 10 дюймов;NI 084T;1111;Переходник Андроид магнитолы для штатных систем Clarion;300;18511;ок;2;7;0
Nissan;X-Trail;2007–2013;"10""";Андроид магнитола FYT 7862S, 10″, 4/64 ГБ, QLED 2K;17100;Переходная рамка для Nissan X-Trail (T31) 2007 - 2013 10 дюймов;TK0223;1552;Переходник Андроид магнитолы для Nissan 2004+;550;19202;ок;1;7;0
Nissan;X-Trail;2014–2022;"9""";Андроид магнитола FYT 7862S, 9″, 4/64 ГБ, QLED 2K;17000;Переходная рамка в Nissan Qashqai, X-Trail 2014+ (с климат контролем) 9 дюймов;NI 234N;3555;Переходник Андроид магнитолы для Nissan 2014+;730;21285;ок;1;7;0
Nissan;X-Trail;2014–2025;"10""";Андроид магнитола FYT 7862S, 10″, 4/64 ГБ, QLED 2K;17100;Переходная рамка для Nissan Qashqai, X-Trail 2014+ (для любой комплектации авто) 10 дюймов;TK0328;1027;Переходник Андроид магнитолы для Nissan 2014+;730;18857;ок;2;7;0
Nissan;X-Trail;2018–2023;"10""";Андроид магнитола FYT 7862S, 10″, 4/64 ГБ, QLED 2K;17100;Установочный комплект для магнитол 10 дюймов в Nissan Qashqai, X-Trail 2018 - 2023 правый руль и 360;IN-XT004-2;2562;Переходник Андроид магнитолы для Nissan 2014+;730;20392;ок;1;7;0
Nissan;X-Trail;2021–2026;"10""";Андроид магнитола FYT 7862S, 10″, 4/64 ГБ, QLED 2K;17100;Переходная рамка для Nissan X-Trail 2021+ 10 дюймов Тип1;NI 206T;2013;Переходник Андроид магнитолы для Nissan 2014+;730;19843;ок;2;7;0
Opel;Astra;1998–2004;"9""";Андроид магнитола FYT 7862S, 9″, 4/64 ГБ, QLED 2K;17000;Переходная рамка в Opel Astra (G) 1998 - 2004 9 дюймов (в верхнюю часть панели);OP 026N;3432;Переходник Андроид магнитолы для Chevrolet, Opel;800;21232;ПРОВЕРИТЬ: годы проводки не совпали;1;2;0
Opel;Astra;2004–2010;"9""";Андроид магнитола FYT 7862S, 9″, 4/64 ГБ, QLED 2K;17000;Переходная рамка для Opel Astra (H) 2004 - 2010 9 дюймов (взамен верхнего дисплея);OP 021N;1401;Переходник Андроид магнитолы для Chevrolet, Opel;800;19201;ок;1;2;0
Opel;Astra;2004–2010;"12,3""";Андроид магнитола FYT 7862S, 12,3″, 8/128 ГБ, QLED;26400;Переходная рамка в Opel Astra (H) 2004 - 2010 для 12,3 дюйма магнитолы (взамен верхнего БК);192B;2098;Переходник Андроид магнитолы для Chevrolet, Opel;800;29298;ок;1;2;0
Opel;Astra;2004–2011;"9""";Андроид магнитола FYT 7862S, 9″, 4/64 ГБ, QLED 2K;17000;Переходная рамка для Opel Astra (H), Zafira 2004 - 2011 9 дюймов (черная);OP 020N;886;Переходник Андроид магнитолы для Chevrolet, Opel;800;18686;ок;2;2;0
Opel;Astra;2009–2017;"9""";Андроид магнитола FYT 7862S, 9″, 4/64 ГБ, QLED 2K;17000;Переходная рамка для Opel Astra (J) 2009 - 2017 9 дюймов;BU 024N;942;Переходник Андроид магнитолы для Chevrolet, Opel;800;18742;ок;1;2;0
Opel;Corsa;2006–2011;"12,3""";Андроид магнитола FYT 7862S, 12,3″, 8/128 ГБ, QLED;26400;Переходная рамка в Opel Corsa (D) 2006 - 2011 для 12,3 дюйма магнитолы;K408+K328;3187;Переходник Андроид магнитолы для Chevrolet, Opel;800;30387;ок;1;1;0
Opel;Insignia;2009–2013;"9""";Андроид магнитола FYT 7862S, 9″, 4/64 ГБ, QLED 2K;17000;Переходная рамка для Opel Insignia 2009 - 2013 9 дюймов;BU 030N;834;Переходник Андроид магнитолы для Chevrolet, Opel;800;18634;ок;1;1;0
Opel;Mokka;2013–2015;"9""";Андроид магнитола FYT 7862S, 9″, 4/64 ГБ, QLED 2K;17000;Переходная рамка для Opel Mokka 2013 - 2015 9 дюймов;BU 053N;1579;Переходник Андроид магнитолы для Chevrolet, Opel;800;19379;ок;1;1;0
Opel;Zafira;2004–2011;"9""";Андроид магнитола FYT 7862S, 9″, 4/64 ГБ, QLED 2K;17000;Переходная рамка для Opel Astra (H), Zafira 2004 - 2011 9 дюймов (черная);OP 020N;886;Переходник Андроид магнитолы для Chevrolet, Opel;800;18686;ок;2;2;0
Peugeot;107;2005–2012;"10""";Андроид магнитола FYT 7862S, 10″, 4/64 ГБ, QLED 2K;17100;Переходная рамка для Peugeot 107 2005 - 2012 10 дюймов;TO 207T;1490;Переходник Андроид магнитолы для Peugeot, Citroen 2012+ (XP);2500;21090;ок;1;1;0
Peugeot;206;1998–2012;"9""";Андроид магнитола FYT 7862S, 9″, 4/64 ГБ, QLED 2K;17000;Переходная рамка для Peugeot 206 1998 - 2012 9 дюймов;PE 012N;1349;Переходник Андроид магнитолы для Peugeot, Citroen 2012+ (XP);2500;20849;ок;1;1;0
Peugeot;207;2006–2012;"9""";Андроид магнитола FYT 7862S, 9″, 4/64 ГБ, QLED 2K;17000;Переходная рамка для Peugeot 207 9 дюймов;PEU207MFB;935;Переходник Андроид магнитолы для Peugeot, Citroen 2012+ (XP);2500;20435;ок;1;1;0
Peugeot;3008;2010–2017;"9""";Андроид магнитола FYT 7862S, 9″, 4/64 ГБ, QLED 2K;17000;Переходная рамка для Peugeot 3008 2010 - 2017 9 дюймов;PE 020N;905;Переходник Андроид магнитолы для Peugeot, Citroen 2012+ (XP);2500;20405;ок;1;1;0
Peugeot;301;2012–2022;"9""";Андроид магнитола FYT 7862S, 9″, 4/64 ГБ, QLED 2K;17000;Переходная рамка для Peugeot 301 9 дюймов;PEU301MFB;1088;Переходник Андроид магнитолы для Peugeot 301;452;18540;ок;1;2;0
Peugeot;307;2001–2008;"9""";Андроид магнитола FYT 7862S, 9″, 4/64 ГБ, QLED 2K;17000;Переходная рамка для Peugeot 307 2001 - 2008 9 дюймов Тип2;PE 021N;971;Переходник Андроид магнитолы для Peugeot, Citroen 2012+ (XP);2500;20471;ПРОВЕРИТЬ: годы проводки не совпали;1;1;0
Peugeot;308;2007–2017;"9""";Андроид магнитола FYT 7862S, 9″, 4/64 ГБ, QLED 2K;17000;Переходная рамка для Peugeot 408 2012 - 2017, 308 2007 - 2013 9 дюймов (черная);PE 011N;1215;Переходник Андроид магнитолы для Peugeot, Citroen 2012+ (XP);2500;20715;ок;2;2;0
Peugeot;4008;2010–2016;"10""";Андроид магнитола FYT 7862S, 10″, 4/64 ГБ, QLED 2K;17100;Переходная рамка для Mitsubishi ASX, RVR 2010 - 2016 10 дюймов тип 2;MI 079T;2409;Переходник Андроид магнитолы для Peugeot, Citroen 2012+ (XP);2500;22009;ок;1;2;0
Peugeot;407;2004–2011;"9""";Андроид магнитола FYT 7862S, 9″, 4/64 ГБ, QLED 2K;17000;Переходная рамка для Peugeot 407 2004 - 2011 9 дюймов (черная);PE 033N;821;Переходник Андроид магнитолы для Peugeot 407, Citroen C3 2002-2010 RZC;3734;21555;ок;2;3;0
Peugeot;408;2007–2017;"9""";Андроид магнитола FYT 7862S, 9″, 4/64 ГБ, QLED 2K;17000;Переходная рамка для Peugeot 408 2012 - 2017, 308 2007 - 2013 9 дюймов (черная);PE 011N;1215;Переходник Андроид магнитолы для Peugeot, Citroen 2012+ (XP);2500;20715;ок;2;1;0
Peugeot;Boxer;2006–2014;"9""";Андроид магнитола FYT 7862S, 9″, 4/64 ГБ, QLED 2K;17000;Переходная рамка для Citroen Jumper, Peugeot Boxer, Fiat Ducato 2006+ 9 дюймов;FI 045N;1168;Переходник Андроид магнитолы для Peugeot Boxer 2 2006-2022, Citroen Jumper 2 2006-2022;1835;20003;ок;1;2;0
Peugeot;Expert;2007–2016;"9""";Андроид магнитола FYT 7862S, 9″, 4/64 ГБ, QLED 2K;17000;Переходная рамка в Peugeot Expert, Citroen Jumpy 2007-2016 9 дюймов;PE 048N;2471;Переходник Андроид магнитолы для Peugeot, Citroen 2012+ (XP);2500;21971;ок;1;1;0
Peugeot;Partner;2008–2018;"9""";Андроид магнитола FYT 7862S, 9″, 4/64 ГБ, QLED 2K;17000;Переходная рамка для Citroen Berlingo, Peugeot Partner 2015 - 2018 9 дюймов;CI 022N;583;Переходник Андроид магнитолы для Peugeot, Citroen 2012+ (XP);2500;20083;ок;1;1;0
Peugeot;Traveller;2016–2025;"9""";Андроид магнитола FYT 7862S, 9″, 4/64 ГБ, QLED 2K;17000;Переходная рамка для Citroen Spacetourer, Jumpy 2016+ , Peugeot Traveller 9 дюймов;CI 017N;1522;Переходник Андроид магнитолы для Peugeot, Citroen 2012+ (XP);2500;21022;ок;1;2;0
Porsche;Cayenne;2002–2010;"9""";Андроид магнитола FYT 7862S, 9″, 4/64 ГБ, QLED 2K;17000;Переходная рамка для Porsche Cayenne 2002 - 2010 9 дюймов;PS 003N;1410;Адаптер для штатной камеры Mercedes Benz, Ford, Porsche;450;18860;ПРОВЕРИТЬ: годы проводки не совпали;1;1;0
Renault;Arkana;2021–2026;"10""";Андроид магнитола FYT 7862S, 10″, 4/64 ГБ, QLED 2K;17100;Переходная рамка для Renault Duster 2021+ (для авто с монитором), Arkana 2019+ 10 дюймов;RE 061T;764;Переходник Андроид магнитолы для Лада Ларгус FL 2021+;650;18514;ок;1;7;0
Renault;Dokker;2012–2020;"9""";Андроид магнитола FYT 7862S, 9″, 4/64 ГБ, QLED 2K;17000;Переходная рамка для Renault Dokker 2012 - 2020 9 дюймов;RE 062N;1182;Переходник Андроид магнитолы для Renault 2012+ (аналог);1300;19482;ок;1;4;0
Renault;Duster;2010–2015;"9""";Андроид магнитола FYT 7862S, 9″, 4/64 ГБ, QLED 2K;17000;Переходная рамка для Renault Duster 2010 - 2015 9 дюймов Тип2;RE 048N;1548;Переходник Андроид магнитолы для Renault 2012+ (аналог);1300;19848;ок;2;6;0
Renault;Duster;2015–2021;"9""";Андроид магнитола FYT 7862S, 9″, 4/64 ГБ, QLED 2K;17000;Переходная рамка для Renault Duster 2015 - 2021 9 дюймов;RE 029N;1189;Переходник Андроид магнитолы для Renault 2012+ (аналог);1300;19489;ок;1;6;0
Renault;Duster;2015–2026;"9""";Андроид магнитола FYT 7862S, 9″, 4/64 ГБ, QLED 2K;17000;Переходная рамка для Renault Duster 15-21, Lada Largus FL (Ларгус) 21+ 9 дюймов Тип3;RE 046N;1552;Переходник Андроид магнитолы для Renault 2012+ (аналог);1300;19852;ок;1;6;0
Renault;Duster;2021–2026;"10""";Андроид магнитола FYT 7862S, 10″, 4/64 ГБ, QLED 2K;17100;Переходная рамка для Renault Duster 2021+ (для авто с монитором), Arkana 2019+ 10 дюймов;RE 061T;764;Переходник Андроид магнитолы для Лада Ларгус FL 2021+;650;18514;ок;2;6;0
Renault;Fluence;2008–2017;"9""";Андроид магнитола FYT 7862S, 9″, 4/64 ГБ, QLED 2K;17000;Переходная рамка для Renault Megane 3 2008 - 2015, Fluence 2009 - 2017 9 дюймов;RE 035N;1722;Переходник Андроид магнитолы для Renault Megane 3 (Тип2);3399;22121;ок;1;5;0
Renault;Fluence;2009–2017;"9""";Андроид магнитола FYT 7862S, 9″, 4/64 ГБ, QLED 2K;17000;Переходная рамка для Renault Fluence 2009 - 2017 9 дюймов;RE 049N;3322;Переходник Андроид магнитолы для Renault Megane 3 (Тип2);3399;23721;ок;1;5;0
Renault;Kangoo;2008–2011;"9""";Андроид магнитола FYT 7862S, 9″, 4/64 ГБ, QLED 2K;17000;Переходная рамка для Renault Kangoo 2008 - 2021  9 дюймов;RE 045N;2026;Переходник Андроид магнитолы для Лада Ларгус FL 2021+;650;19676;ПРОВЕРИТЬ: годы проводки не совпали;1;4;0
Renault;Kangoo;2021–2026;"9""";Андроид магнитола FYT 7862S, 9″, 4/64 ГБ, QLED 2K;17000;Переходная рамка в Renault Kangoo 2021+ 9 дюймов;RE 086T;2194;Переходник Андроид магнитолы для Лада Ларгус FL 2021+;650;19844;ок;1;4;0
Renault;Kaptur;2016–2019;"9""";Андроид магнитола FYT 7862S, 9″, 4/64 ГБ, QLED 2K;17000;Переходная рамка для Renault Kaptur 2016 - 2019 9 дюймов для любой комплектации авто;TK 748;1431;Переходник Андроид магнитолы для Renault 2012+ (аналог);1300;19731;ок;1;6;0
Renault;Koleos;2008–2016;"9""";Андроид магнитола FYT 7862S, 9″, 4/64 ГБ, QLED 2K;17000;Переходная рамка для Renault Koleos 2008 - 2016 9 дюймов;RE 024N;1980;Переходник Андроид магнитолы для Renault Megane 3 (Тип2);3399;22379;ок;1;8;0
Renault;Logan;2004–2009;"9""";Андроид магнитола FYT 7862S, 9″, 4/64 ГБ, QLED 2K;17000;Переходная рамка для Renault Logan 2004 - 2009 9 дюймов;RE 038N;1438;Переходник Андроид магнитолы для Лада Ларгус FL 2021+;650;19088;ПРОВЕРИТЬ: годы проводки не совпали;1;4;0
Renault;Logan;2009–2015;"9""";Андроид магнитола FYT 7862S, 9″, 4/64 ГБ, QLED 2K;17000;Переходная рамка для Renault Logan, Sandero 2009 - 2015 9 дюймов;RE 021N;1439;Переходник Андроид магнитолы для Renault 2012+ (аналог);1300;19739;ок;1;4;0
Renault;Logan;2015–2022;"10""";Андроид магнитола FYT 7862S, 10″, 4/64 ГБ, QLED 2K;17100;Переходная рамка в Renault Logan, Sandero Stepway 2015+ 10 дюймов;RE 020T;1203;Переходник Андроид магнитолы для Renault 2012+ (аналог);1300;19603;ок;1;4;0
Renault;Logan;2015–2025;"9""";Андроид магнитола FYT 7862S, 9″, 4/64 ГБ, QLED 2K;17000;Переходная рамка для Renault Logan, Sandero Stepway 2015+ 9 дюймов;TK668*;1235;Переходник Андроид магнитолы для Renault 2012+ (аналог);1300;19535;ок;1;4;0
Renault;Master;2003–2011;"10""";Андроид магнитола FYT 7862S, 10″, 4/64 ГБ, QLED 2K;17100;Переходная рамка в Renault Master 2003 — 2011 10 дюймов;RE 082T;6671;Переходник Андроид магнитолы для Лада Ларгус FL 2021+;650;24421;ПРОВЕРИТЬ: годы проводки не совпали;1;4;0
Renault;Master;2010–2020;"10""";Андроид магнитола FYT 7862S, 10″, 4/64 ГБ, QLED 2K;17100;Переходная рамка в Renault Master, Opel Movano, Nissan NV400 2010 - 2020 10 дюймов;NI 136T+NI 167;2613;Переходник Андроид магнитолы для Renault 2012+ (аналог);1300;21013;ок;1;4;0
Renault;Megane;2002–2009;"9""";Андроид магнитола FYT 7862S, 9″, 4/64 ГБ, QLED 2K;17000;Переходная рамка для Renault Megane 2 2002 - 2009 9 дюймов;RE 034N;1644;Переходник Андроид магнитолы для Renault Megane 2;2828;21472;ок;1;7;0
Renault;Megane;2008–2017;"9""";Андроид магнитола FYT 7862S, 9″, 4/64 ГБ, QLED 2K;17000;Переходная рамка для Renault Megane 3 2008 - 2015, Fluence 2009 - 2017 9 дюймов;RE 035N;1722;Переходник Андроид магнитолы для Renault Megane 3 (Тип2);3399;22121;ок;1;7;0
Renault;Sandero;2009–2015;"9""";Андроид магнитола FYT 7862S, 9″, 4/64 ГБ, QLED 2K;17000;Переходная рамка для Renault Logan, Sandero 2009 - 2015 9 дюймов;RE 021N;1439;Переходник Андроид магнитолы для Renault 2012+ (аналог);1300;19739;ок;1;4;0
Renault;Sandero;2015–2022;"10""";Андроид магнитола FYT 7862S, 10″, 4/64 ГБ, QLED 2K;17100;Переходная рамка в Renault Logan, Sandero Stepway 2015+ 10 дюймов;RE 020T;1203;Переходник Андроид магнитолы для Renault 2012+ (аналог);1300;19603;ок;1;4;0
Renault;Sandero;2015–2025;"9""";Андроид магнитола FYT 7862S, 9″, 4/64 ГБ, QLED 2K;17000;Переходная рамка для Renault Logan, Sandero Stepway 2015+ 9 дюймов;TK668*;1235;Переходник Андроид магнитолы для Renault 2012+ (аналог);1300;19535;ок;1;4;0
Renault;Trafic;2006–2010;"10""";Андроид магнитола FYT 7862S, 10″, 4/64 ГБ, QLED 2K;17100;Переходная рамка в Renault Trafic, Opel Vivaro 06 - 10, Nissan Primstar 06 - 14 10 дюймов;RE 060T;1076;Переходник Андроид магнитолы для Лада Ларгус FL 2021+;650;18826;ПРОВЕРИТЬ: годы проводки не совпали;1;4;0
Renault;Trafic;2010–2014;"10""";Андроид магнитола FYT 7862S, 10″, 4/64 ГБ, QLED 2K;17100;Переходная рамка для Renault Trafic, Opel Vivaro 2010 - 2014 10 дюймов;RE 057T;1415;Переходник Андроид магнитолы для Renault 2012+ (аналог);1300;19815;ок;1;4;0
Renault;Trafic;2014–2019;"9""";Андроид магнитола FYT 7862S, 9″, 4/64 ГБ, QLED 2K;17000;Переходная рамка для Renault Trafic, Opel Vivaro 2014 - 2019 9 дюймов;RE 053N;1956;Переходник Андроид магнитолы для Renault 2012+ (аналог);1300;20256;ок;1;4;0
Skoda;Fabia;2007–2015;"10""";Андроид магнитола FYT 7862S, 10″, 4/64 ГБ, QLED 2K;17100;Переходная рамка для Skoda Fabia 2007 - 2015 10 дюймов;SK 040T;798;Переходник Андроид магнитолы для VW,Skoda (Квадлок, PQ);1500;19398;ок;1;4;0
Skoda;Karoq;2016–2026;"10""";Андроид магнитола FYT 7862S, 10″, 4/64 ГБ, QLED 2K;17100;Переходная рамка для Skoda Kodiaq 2016+, Karoq 2017+ 10 дюймов;SK 024T;1066;Переходник Андроид магнитолы для VW,Skoda MQB длинный (Raize);1700;19866;ок;1;3;0
Skoda;Kodiaq;2016–2026;"10""";Андроид магнитола FYT 7862S, 10″, 4/64 ГБ, QLED 2K;17100;Переходная рамка для Skoda Kodiaq 2016+, Karoq 2017+ 10 дюймов;SK 024T;1066;Переходник Андроид магнитолы для VW,Skoda MQB длинный (Raize);1700;19866;ок;1;3;0
Skoda;Octavia;2004–2013;"9""";Андроид магнитола FYT 7862S, 9″, 4/64 ГБ, QLED 2K;17000;Переходная рамка для Skoda Octavia (A5) 2004 - 2013, Yeti 2009 - 2017 9 дюймов;SK 037N;927;Переходник Андроид магнитолы для VW,Skoda (Квадлок, PQ);1500;19427;ок;1;5;0
Skoda;Octavia;2004–2013;"10""";Андроид магнитола FYT 7862S, 10″, 4/64 ГБ, QLED 2K;17100;Переходная рамка для Skoda Octavia (A5) 2004 - 2013 10 дюймов;AYMRG014;1144;Переходник Андроид магнитолы для VW,Skoda (Квадлок, PQ);1500;19744;ок;1;5;0
Skoda;Octavia;2012–2023;"10""";Андроид магнитола FYT 7862S, 10″, 4/64 ГБ, QLED 2K;17100;Переходная рамка для Skoda Octavia (A7) 2012 - 2023 10 дюймов;SK 025T;871;Переходник Андроид магнитолы для VW,Skoda MQB длинный (Raize);1700;19671;ок;1;5;0
Skoda;Rapid;2012–2019;"9""";Андроид магнитола FYT 7862S, 9″, 4/64 ГБ, QLED 2K;17000;Переходная рамка для Skoda Rapid 2012 - 2019 9 дюймов Тип2;SK 033N;948;Переходник для камеры заднего вида Volkswagen, Skoda;150;18098;ок;1;4;0
Skoda;Rapid;2012–2021;"9""";Андроид магнитола FYT 7862S, 9″, 4/64 ГБ, QLED 2K;17000;Переходная рамка для Skoda Rapid 2013+ (Spaceback) 9 дюймов;SK 031N;746;Переходник для камеры заднего вида Volkswagen, Skoda;150;17896;ок;1;4;0
Skoda;Rapid;2020–2026;"10""";Андроид магнитола FYT 7862S, 10″, 4/64 ГБ, QLED 2K;17100;Переходная рамка для VW Polo 2020+, Skoda Rapid 2021+ 10 дюймов;VW 109T;1503;Переходник Андроид магнитолы для VW,Skoda MQB длинный (Raize);1700;20303;ок;1;4;0
Skoda;Superb;2008–2015;"10""";Андроид магнитола FYT 7862S, 10″, 4/64 ГБ, QLED 2K;17100;Переходная рамка для Skoda Superb 2008 - 2015 10 дюймов;SKOSUP2MFA;619;Переходник Андроид магнитолы для VW,Skoda (Квадлок, PQ);1500;19219;ок;1;4;0
Skoda;Superb;2016–2024;"10""";Андроид магнитола FYT 7862S, 10″, 4/64 ГБ, QLED 2K;17100;Переходная рамка для Skoda Superb 2016+ 10 дюймов;SK 034T;1236;Переходник Андроид магнитолы для VW,Skoda MQB длинный (Raize);1700;20036;ок;1;4;0
Skoda;Yeti;2004–2013;"9""";Андроид магнитола FYT 7862S, 9″, 4/64 ГБ, QLED 2K;17000;Переходная рамка для Skoda Octavia (A5) 2004 - 2013, Yeti 2009 - 2017 9 дюймов;SK 037N;927;Переходник Андроид магнитолы для VW,Skoda (Квадлок, PQ);1500;19427;ок;1;4;0
Skoda;Yeti;2009–2017;"10""";Андроид магнитола FYT 7862S, 10″, 4/64 ГБ, QLED 2K;17100;Переходная рамка для Skoda Yeti 2009 - 2017 10 дюймов;AYYTA014;1192;Переходник для камеры заднего вида Volkswagen, Skoda;150;18442;ок;2;4;0
Sollers;Atlant;2022–2026;"9""";Андроид магнитола FYT 7862S, 9″, 4/64 ГБ, QLED 2K;17000;Переходная рамка для Sollers Atlant 2022+ 9 дюймов;JA 038N;974;Переходник Андроид магнитолы для Hyundai, Kia 1998-2005, Sollers Atlant 2022+;556;18530;ок;1;1;0
SsangYong;Actyon;2005–2016;"9""";Андроид магнитола FYT 7862S, 9″, 4/64 ГБ, QLED 2K;17000;Переходная рамка для SSsangYong Actyon 2005 - 2010, Kyron 2005 - 2016 9 дюймов;SY 016N;1369;Переходник Андроид магнитолы для SsangYong;600;18969;ок;1;1;0
SsangYong;Actyon;2011–2013;"9""";Андроид магнитола FYT 7862S, 9″, 4/64 ГБ, QLED 2K;17000;Переходная рамка для SsangYong Actyon 2011 - 2013 9 дюймов;SY 015N;1042;Переходник Андроид магнитолы для SsangYong;600;18642;ок;1;1;0
SsangYong;Actyon;2013–2020;"9""";Андроид магнитола FYT 7862S, 9″, 4/64 ГБ, QLED 2K;17000;Переходная рамка для SsangYong Actyon 2013+ 9 дюймов;SY 014N;1869;Переходник Андроид магнитолы для SsangYong;600;19469;ок;1;1;0
SsangYong;Kyron;2005–2016;"9""";Андроид магнитола FYT 7862S, 9″, 4/64 ГБ, QLED 2K;17000;Переходная рамка для SSsangYong Actyon 2005 - 2010, Kyron 2005 - 2016 9 дюймов;SY 016N;1369;Переходник Андроид магнитолы для SsangYong;600;18969;ок;1;1;0
SsangYong;Rexton;2003–2006;"9""";Андроид магнитола FYT 7862S, 9″, 4/64 ГБ, QLED 2K;17000;Переходная рамка для SsangYong Rexton 2003 - 2006 9 дюймов;SY 020N;1041;Переходник Андроид магнитолы для SsangYong;600;18641;ок;1;1;0
SsangYong;Rexton;2007–2012;"9""";Андроид магнитола FYT 7862S, 9″, 4/64 ГБ, QLED 2K;17000;Переходная рамка для SsangYong Rexton 2007 - 2012 9 дюймов;SY 019N;1010;Переходник Андроид магнитолы для SsangYong;600;18610;ок;1;1;0
SsangYong;Rexton;2007–2012;"12,3""";Андроид магнитола FYT 7862S, 12,3″, 8/128 ГБ, QLED;26400;Переходная рамка в SsangYong Rexton 2007 - 2012 для 12,3 дюйма магнитолы;K56 PA1;12734;Переходник Андроид магнитолы для SsangYong;600;39734;ок;1;1;0
Subaru;Exiga;2008–2012;"9""";Андроид магнитола FYT 7862S, 9″, 4/64 ГБ, QLED 2K;17000;Переходная рамка для Subaru Exiga 2008 - 2012 9 дюймов;SA 020N;1042;Переходник Андроид магнитолы для Subaru Forester, Outback;1050;19092;ок;1;1;0
Subaru;Forester;1997–2002;"9""";Андроид магнитола FYT 7862S, 9″, 4/64 ГБ, QLED 2K;17000;Переходная рамка в Subaru Forester (I) 1997 - 2002, Impreza (1) 1996 - 2000 9 дюймов;SA 035N;2963;Переходник Андроид магнитолы для Toyota 1989-2022 года;650;20613;ок;1;5;0
Subaru;Forester;2002–2008;"9""";Андроид магнитола FYT 7862S, 9″, 4/64 ГБ, QLED 2K;17000;Переходная рамка для Subaru Forester 2002 - 2008 (в ком-ции с кондиционером) 9 дюймов;TK00470;1517;Переходник Андроид магнитолы для Toyota 1989-2022 года;650;19167;ок;2;5;0
Subaru;Forester;2008–2012;"9""";Андроид магнитола FYT 7862S, 9″, 4/64 ГБ, QLED 2K;17000;Переходная рамка для Subaru Impreza 2008 - 2012, Forester 2008 - 2012 9 дюймов;SA 011N;977;Переходник Андроид магнитолы для Toyota 1989-2022 года;650;18627;ок;1;5;0
Subaru;Forester;2008–2012;"12,3""";Андроид магнитола FYT 7862S, 12,3″, 8/128 ГБ, QLED;26400;Переходная рамка в Subaru Impreza 2008 - 2012, Forester 2008 - 2012 для 12,3 дюйма магнитолы;K214+K328;6829;Переходник Андроид магнитолы для Toyota 1989-2022 года;650;33879;ок;1;5;0
Subaru;Forester;2012–2015;"9""";Андроид магнитола FYT 7862S, 9″, 4/64 ГБ, QLED 2K;17000;Переходная рамка для Subaru XV, Impreza 2012 - 2014, Forester 2013 - 2015 9 дюймов;TK130;1264;Переходник Андроид магнитолы для Toyota 1989-2022 года;650;18914;ок;1;5;0
Subaru;Forester;2014–2019;"9""";Андроид магнитола FYT 7862S, 9″, 4/64 ГБ, QLED 2K;17000;Переходная рамка для Subaru XV, Impreza 2014 - 2016, Forester 2015 - 2019 9 дюймов Тип2;TK 797;1331;Переходник Андроид магнитолы для Toyota 1989-2022 года;650;18981;ок;1;5;0
Subaru;Forester;2017–2024;"9""";Андроид магнитола FYT 7862S, 9″, 4/64 ГБ, QLED 2K;17000;Переходная рамка для Subaru Impreza 2017+, Forester 2018+, XV 2017+ 9 дюймов;SA 021N;1187;Переходник Андроид магнитолы для Subaru XV, Impreza 2017-2019, Forester 2019+ (левый руль) XP;4029;22216;ок;1;5;0
Subaru;Forester;2017–2024;"12,3""";Андроид магнитола FYT 7862S, 12,3″, 8/128 ГБ, QLED;26400;Переходная рамка в Subaru Impreza 2017+, Forester 2018+, XV 2017+ для 12,3 дюйма магнитолы;K230+K328+7#-002;7528;Переходник Андроид магнитолы для Subaru XV, Impreza 2017-2019, Forester 2019+ (левый руль) XP;4029;37957;ок;1;5;0
Subaru;Impreza;1997–2002;"9""";Андроид магнитола FYT 7862S, 9″, 4/64 ГБ, QLED 2K;17000;Переходная рамка в Subaru Forester (I) 1997 - 2002, Impreza (1) 1996 - 2000 9 дюймов;SA 035N;2963;Переходник Андроид магнитолы для Subaru Forester, Outback;1050;21013;ПРОВЕРИТЬ: годы проводки не совпали;1;4;0
Subaru;Impreza;2002–2004;"9""";Андроид магнитола FYT 7862S, 9″, 4/64 ГБ, QLED 2K;17000;Переходная рамка для Subaru Impreza WRX 2002 - 2004 9 дюймов;SA 013N;936;Переходник Андроид магнитолы для Subaru Forester, Outback;1050;18986;ПРОВЕРИТЬ: годы проводки не совпали;1;4;0
Subaru;Impreza;2003–2006;"9""";Андроид магнитола FYT 7862S, 9″, 4/64 ГБ, QLED 2K;17000;Переходная рамка для Subaru Impreza 2003 - 2006 9 дюймов;SA 026N;2194;Переходник Андроид магнитолы для Subaru Forester, Outback;1050;20244;ПРОВЕРИТЬ: годы проводки не совпали;1;4;0
Subaru;Impreza;2008–2012;"9""";Андроид магнитола FYT 7862S, 9″, 4/64 ГБ, QLED 2K;17000;Переходная рамка для Subaru Impreza 2008 - 2012, Forester 2008 - 2012 9 дюймов;SA 011N;977;Переходник Андроид магнитолы для Subaru Forester, Outback;1050;19027;ок;1;4;0
Subaru;Impreza;2008–2012;"12,3""";Андроид магнитола FYT 7862S, 12,3″, 8/128 ГБ, QLED;26400;Переходная рамка в Subaru Impreza 2008 - 2012, Forester 2008 - 2012 для 12,3 дюйма магнитолы;K214+K328;6829;Переходник Андроид магнитолы для Subaru Forester, Outback;1050;34279;ок;1;4;0
Subaru;Impreza;2012–2015;"9""";Андроид магнитола FYT 7862S, 9″, 4/64 ГБ, QLED 2K;17000;Переходная рамка для Subaru XV, Impreza 2012 - 2014, Forester 2013 - 2015 9 дюймов;TK130;1264;Переходник Андроид магнитолы для Subaru Forester, Outback;1050;19314;ок;1;4;0
Subaru;Impreza;2014–2019;"9""";Андроид магнитола FYT 7862S, 9″, 4/64 ГБ, QLED 2K;17000;Переходная рамка для Subaru XV, Impreza 2014 - 2016, Forester 2015 - 2019 9 дюймов Тип2;TK 797;1331;Переходник Андроид магнитолы для Subaru XV, Impreza 2014-2016, Forester 2015-2019 (левый руль) XP;2578;20909;ок;1;4;0
Subaru;Impreza;2017–2024;"9""";Андроид магнитола FYT 7862S, 9″, 4/64 ГБ, QLED 2K;17000;Переходная рамка для Subaru Impreza 2017+, Forester 2018+, XV 2017+ 9 дюймов;SA 021N;1187;Переходник Андроид магнитолы для Subaru XV, Impreza 2017-2019, Forester 2019+ (левый руль) XP;4029;22216;ок;1;4;0
Subaru;Impreza;2017–2024;"12,3""";Андроид магнитола FYT 7862S, 12,3″, 8/128 ГБ, QLED;26400;Переходная рамка в Subaru Impreza 2017+, Forester 2018+, XV 2017+ для 12,3 дюйма магнитолы;K230+K328+7#-002;7528;Переходник Андроид магнитолы для Subaru XV, Impreza 2017-2019, Forester 2019+ (левый руль) XP;4029;37957;ок;1;4;0
Subaru;Legacy;1998–2003;"9""";Андроид магнитола FYT 7862S, 9″, 4/64 ГБ, QLED 2K;17000;Переходная рамка в Subaru Legacy Lancaster (II), Legacy (III) 98 - 03 9 дюймов (правый руль);SA 034N;4006;Переходник Андроид магнитолы для Subaru Legacy, Outback 2004-2009;976;21982;ПРОВЕРИТЬ: годы проводки не совпали;1;2;0
Subaru;Legacy;2004–2009;"9""";Андроид магнитола FYT 7862S, 9″, 4/64 ГБ, QLED 2K;17000;Переходная рамка для Subaru Outback, Legacy 2004 - 2009 9 дюймов (левый руль);SA 015N;1569;Переходник Андроид магнитолы для Subaru Legacy, Outback 2004-2009;976;19545;ок;3;2;0
Subaru;Legacy;2009–2013;"9""";Андроид магнитола FYT 7862S, 9″, 4/64 ГБ, QLED 2K;17000;Переходная рамка для Subaru Outback, Legacy 2009 - 2013 9 дюймов (левый руль);SA 010N;1269;Переходник Андроид магнитолы для Subaru Forester, Outback;1050;19319;ок;2;2;0
Subaru;Legacy;2009–2013;"12,3""";Андроид магнитола FYT 7862S, 12,3″, 8/128 ГБ, QLED;26400;Переходная рамка в Subaru Outback, Legacy 2009 - 2013 для 12,3 дюйма магнитолы (правый руль);K169;9978;Переходник Андроид магнитолы для Subaru Forester, Outback;1050;37428;ок;1;2;0
Subaru;Legacy;2014–2023;"9""";Андроид магнитола FYT 7862S, 9″, 4/64 ГБ, QLED 2K;17000;Переходная рамка для Subaru Outback, Legacy 2014+ 9 дюймов;127-00401-205;1321;Переходник Андроид магнитолы для Subaru Forester, Outback;1050;19371;ок;1;2;0
Subaru;Levorg;2014–2017;"9""";Андроид магнитола FYT 7862S, 9″, 4/64 ГБ, QLED 2K;17000;Переходная рамка для Subaru Levorg 2014 - 2017 9 дюймов (для авто с 2 Din);SA 024N;2325;Переходник Андроид магнитолы для Toyota 1989-2022 года;650;19975;ок;1;2;0
Subaru;Levorg;2014–2019;"9""";Андроид магнитола FYT 7862S, 9″, 4/64 ГБ, QLED 2K;17000;Переходная рамка для Subaru Levorg 2014 - 2017 9 дюймов;SA 032N;2424;Переходник Андроид магнитолы для Toyota 1989-2022 года;650;20074;ок;1;2;0
Subaru;Outback;2004–2009;"9""";Андроид магнитола FYT 7862S, 9″, 4/64 ГБ, QLED 2K;17000;Переходная рамка для Subaru Outback, Legacy 2004 - 2009 9 дюймов (левый руль);SA 015N;1569;Переходник Андроид магнитолы для Toyota 1989-2022 года;650;19219;ок;3;3;0
Subaru;Outback;2009–2013;"9""";Андроид магнитола FYT 7862S, 9″, 4/64 ГБ, QLED 2K;17000;Переходная рамка для Subaru Outback, Legacy 2009 - 2013 9 дюймов (левый руль);SA 010N;1269;Переходник Андроид магнитолы для Toyota 1989-2022 года;650;18919;ок;2;3;0
Subaru;Outback;2009–2013;"12,3""";Андроид магнитола FYT 7862S, 12,3″, 8/128 ГБ, QLED;26400;Переходная рамка в Subaru Outback, Legacy 2009 - 2013 для 12,3 дюйма магнитолы (правый руль);K169;9978;Переходник Андроид магнитолы для Toyota 1989-2022 года;650;37028;ок;1;3;0
Subaru;Outback;2014–2023;"9""";Андроид магнитола FYT 7862S, 9″, 4/64 ГБ, QLED 2K;17000;Переходная рамка для Subaru Outback, Legacy 2014+ 9 дюймов;127-00401-205;1321;Переходник Андроид магнитолы для Toyota 1989-2022 года;650;18971;ок;1;3;0
Subaru;Tribeca;2004–2014;"9""";Андроид магнитола FYT 7862S, 9″, 4/64 ГБ, QLED 2K;17000;Установочный комплект для магнитол 9 дюймов в Subaru Tribeca 2004 - 2014 BSJ;IN-SB1002N;13636;Переходник Андроид магнитолы для Subaru Tribeca 2004-2014 (OD);5363;35999;ок;1;2;0
Subaru;Tribeca;2007–2014;"9""";Андроид магнитола FYT 7862S, 9″, 4/64 ГБ, QLED 2K;17000;Переходная рамка для Subaru Tribeca 2007 - 2014 9 дюймов;SA 025N;4471;Переходник Андроид магнитолы для Subaru Forester, Outback;1050;22521;ок;1;2;0
Subaru;XV;2012–2015;"9""";Андроид магнитола FYT 7862S, 9″, 4/64 ГБ, QLED 2K;17000;Переходная рамка для Subaru XV, Impreza 2012 - 2014, Forester 2013 - 2015 9 дюймов;TK130;1264;Переходник Андроид магнитолы для Subaru Forester, Outback;1050;19314;ок;1;4;0
Subaru;XV;2014–2019;"9""";Андроид магнитола FYT 7862S, 9″, 4/64 ГБ, QLED 2K;17000;Переходная рамка для Subaru XV, Impreza 2014 - 2016, Forester 2015 - 2019 9 дюймов Тип2;TK 797;1331;Переходник Андроид магнитолы для Subaru XV, Impreza 2014-2016, Forester 2015-2019 (левый руль) XP;2578;20909;ок;1;4;0
Subaru;XV;2017–2024;"9""";Андроид магнитола FYT 7862S, 9″, 4/64 ГБ, QLED 2K;17000;Переходная рамка для Subaru Impreza 2017+, Forester 2018+, XV 2017+ 9 дюймов;SA 021N;1187;Переходник Андроид магнитолы для Subaru XV, Impreza 2017-2019, Forester 2019+ (левый руль) XP;4029;22216;ок;1;4;0
Subaru;XV;2017–2024;"12,3""";Андроид магнитола FYT 7862S, 12,3″, 8/128 ГБ, QLED;26400;Переходная рамка в Subaru Impreza 2017+, Forester 2018+, XV 2017+ для 12,3 дюйма магнитолы;K230+K328+7#-002;7528;Переходник Андроид магнитолы для Subaru XV, Impreza 2017-2019, Forester 2019+ (левый руль) XP;4029;37957;ок;1;4;0
Suzuki;Aerio;2003–2007;"9""";Андроид магнитола FYT 7862S, 9″, 4/64 ГБ, QLED 2K;17000;Переходная рамка для Suzuki Aerio, Liana 2003 - 2007 9 дюймов;SU 052N;1214;Переходник Андроид магнитолы для Suzuki,Honda;650;18864;ок;1;1;0
Suzuki;Alto;2009–2014;"9""";Андроид магнитола FYT 7862S, 9″, 4/64 ГБ, QLED 2K;17000;Переходная рамка для Suzuki Alto 2009 - 2014 9 дюймов;SU 076N;877;Переходник Андроид магнитолы для Suzuki,Honda;650;18527;ок;1;1;0
Suzuki;Alto;2014–2021;"9""";Андроид магнитола FYT 7862S, 9″, 4/64 ГБ, QLED 2K;17000;Переходная рамка для Suzuki Alto 2014 - 2021 9 дюймов;SU 048N;896;Переходник Андроид магнитолы для Suzuki,Honda;650;18546;ок;1;1;0
Suzuki;Escudo;1997–2005;"9""";Андроид магнитола FYT 7862S, 9″, 4/64 ГБ, QLED 2K;17000;Переходная рамка для Suzuki Grand Vitara, XL-7, Escudo (Grand) 1997 - 2005 9 дюймов;SU 099N;700;Переходник Андроид магнитолы для Suzuki,Honda;650;18350;ок;2;1;0
Suzuki;Escudo;2005–2015;"9""";Андроид магнитола FYT 7862S, 9″, 4/64 ГБ, QLED 2K;17000;Переходная рамка для Suzuki Grand Vitara, Escudo 2005 - 2015 9 дюймов;SU 075N;658;Переходник Андроид магнитолы для Suzuki,Honda;650;18308;ок;1;1;0
Suzuki;Every;2015–2026;"9""";Андроид магнитола FYT 7862S, 9″, 4/64 ГБ, QLED 2K;17000;Переходная рамка для Suzuki Every, Nissan NV100 2015+ 9 дюймов;SU 077N;1041;Переходник Андроид магнитолы для Suzuki,Honda;650;18691;ок;1;1;0
Suzuki;Grand Vitara;1997–2005;"9""";Андроид магнитола FYT 7862S, 9″, 4/64 ГБ, QLED 2K;17000;Переходная рамка для Suzuki Grand Vitara, XL-7, Escudo (Grand) 1997 - 2005 9 дюймов;SU 099N;700;Переходник Андроид магнитолы для штатных систем Clarion;300;18000;ок;1;4;0
Suzuki;Grand Vitara;2003–2006;"9""";Андроид магнитола FYT 7862S, 9″, 4/64 ГБ, QLED 2K;17000;Переходная рамка в Suzuki Grand Vitara, XL-7, Escudo (Grand) 2003 - 2006 9 дюймов Тип 2 (черн);SU 113N;2881;Переходник Андроид магнитолы для штатных систем Clarion;300;20181;ок;1;4;0
Suzuki;Grand Vitara;2005–2015;"9""";Андроид магнитола FYT 7862S, 9″, 4/64 ГБ, QLED 2K;17000;Переходная рамка для Suzuki Grand Vitara, Escudo 2005 - 2015 9 дюймов;SU 075N;658;Переходник Андроид магнитолы для Suzuki,Honda;650;18308;ок;1;4;0
Suzuki;Grand Vitara;2005–2015;"12,3""";Андроид магнитола FYT 7862S, 12,3″, 8/128 ГБ, QLED;26400;Переходная рамка в Suzuki Grand Vitara 2005 - 2015 для 12,3 дюйма магнитолы;K155+CL-5+K328;10741;Переходник Андроид магнитолы для Suzuki,Honda;650;37791;ок;1;4;0
Suzuki;Grand Vitara;2022–2026;"9""";Андроид магнитола FYT 7862S, 9″, 4/64 ГБ, QLED 2K;17000;Переходная рамка в Suzuki Grand Vitara 2022+, Toyota Urban Cruiser 2022 - 2025 9 дюймов;SU 103N;885;Переходник Андроид магнитолы для Suzuki Grand Vitara 2022+ (без 360) OD;2551;20436;ок;1;4;0
Suzuki;Hustler;2014–2019;"9""";Андроид магнитола FYT 7862S, 9″, 4/64 ГБ, QLED 2K;17000;Переходная рамка для Suzuki Hustler 2014 - 2019 9 дюймов;SU 094N;1079;Переходник Андроид магнитолы для Suzuki,Honda;650;18729;ок;1;1;0
Suzuki;Ignis;2004–2007;"10""";Андроид магнитола FYT 7862S, 10″, 4/64 ГБ, QLED 2K;17100;Переходная рамка для Suzuki Ignis 2004 - 2007 10 дюймов;SU 095T;950;Переходник Андроид магнитолы для Suzuki,Honda;650;18700;ок;1;1;0
Suzuki;Ignis;2015–2025;"9""";Андроид магнитола FYT 7862S, 9″, 4/64 ГБ, QLED 2K;17000;Переходная рамка для Suzuki Ignis 2015+ 9 дюймов;SU 040N;650;Переходник Андроид магнитолы для Suzuki,Honda;650;18300;ок;1;1;0
Suzuki;Jimny;1998–2005;"9""";Андроид магнитола FYT 7862S, 9″, 4/64 ГБ, QLED 2K;17000;Переходная рамка для Suzuki Jimny 1998 - 2005 9 дюймов;SU 091N;1552;Переходник Андроид магнитолы для штатных систем Clarion;300;18852;ок;1;4;0
Suzuki;Jimny;2005–2019;"9""";Андроид магнитола FYT 7862S, 9″, 4/64 ГБ, QLED 2K;17000;Переходная рамка для Suzuki Jimny 2005 - 2019 9 дюймов;SU 071N;1509;Переходник Андроид магнитолы для Suzuki,Honda;650;19159;ок;1;4;0
Suzuki;Jimny;2019–2026;"9""";Андроид магнитола FYT 7862S, 9″, 4/64 ГБ, QLED 2K;17000;Переходная рамка для Suzuki Jimny 2019+ 9 дюймов;SU 057N;741;Переходник Андроид магнитолы для Suzuki Grand Vitara 2022+ (без 360) OD;2551;20292;ок;1;4;0
Suzuki;Landy;2016–2019;"10""";Андроид магнитола FYT 7862S, 10″, 4/64 ГБ, QLED 2K;17100;Переходная рамка для Nissan Serena 2016 - 2019 10 дюймов Тип1;TK587;1035;Переходник Андроид магнитолы для Suzuki,Honda;650;18785;ок;1;1;0
Suzuki;Liana;2003–2007;"9""";Андроид магнитола FYT 7862S, 9″, 4/64 ГБ, QLED 2K;17000;Переходная рамка для Suzuki Aerio, Liana 2003 - 2007 9 дюймов;SU 052N;1214;Переходник Андроид магнитолы для Suzuki,Honda;650;18864;ок;1;1;0
Suzuki;SX4;2005–2014;"9""";Андроид магнитола FYT 7862S, 9″, 4/64 ГБ, QLED 2K;17000;Переходная рамка для Suzuki SX4 2007 - 2013 9 дюймов;SU 050N;597;Переходник Андроид магнитолы для Suzuki,Honda;650;18247;ок;1;2;0
Suzuki;SX4;2014–2020;"9""";Андроид магнитола FYT 7862S, 9″, 4/64 ГБ, QLED 2K;17000;Переходная рамка для Suzuki SX4 2014+ 9 дюймов;SU 063N;801;Переходник Андроид магнитолы для Suzuki,Honda;650;18451;ок;1;2;0
Suzuki;Solio;2002–2008;"9""";Андроид магнитола FYT 7862S, 9″, 4/64 ГБ, QLED 2K;17000;Переходная рамка для Suzuki Solio 2002 - 2008 9 дюймов;SU 083N;3734;Переходник Андроид магнитолы для Suzuki,Honda;650;21384;ок;1;1;0
Suzuki;Solio;2011–2015;"9""";Андроид магнитола FYT 7862S, 9″, 4/64 ГБ, QLED 2K;17000;Переходная рамка для Suzuki Solio (MA15) 2011 - 2015, MMC Delica D2 2011 - 2015 9 дюймов;SU 081N;2226;Переходник Андроид магнитолы для Suzuki,Honda;650;19876;ок;1;1;0
Suzuki;Solio;2016–2020;"9""";Андроид магнитола FYT 7862S, 9″, 4/64 ГБ, QLED 2K;17000;Переходная рамка для Suzuki Solio (MA26), MMC Delica D2 2016 - 2020 9 дюймов (черная);SU 107N;1839;Переходник Андроид магнитолы для Suzuki,Honda;650;19489;ок;2;1;0
Suzuki;Solio;2021–2026;"10""";Андроид магнитола FYT 7862S, 10″, 4/64 ГБ, QLED 2K;17100;Переходная рамка для Suzuki Solio (MA27) 2021+ 10 дюймов;SU 110T;2506;Переходник Андроид магнитолы для Suzuki,Honda;650;20256;ПРОВЕРИТЬ: годы проводки не совпали;1;1;0
Suzuki;Swift;2004–2010;"10""";Андроид магнитола FYT 7862S, 10″, 4/64 ГБ, QLED 2K;17100;Переходная рамка для Suzuki Swift 2004 - 2010 10 дюймов;SU 045T;1204;Переходник Андроид магнитолы для штатных систем Clarion;300;18604;ок;1;2;0
Suzuki;Swift;2004–2010;"12,3""";Андроид магнитола FYT 7862S, 12,3″, 8/128 ГБ, QLED;26400;Переходная рамка в Suzuki Swift 2004 - 2010 для 12,3 дюйма магнитолы;K133+US.V5;9816;Переходник Андроид магнитолы для штатных систем Clarion;300;36516;ок;1;2;0
Suzuki;Swift;2010–2016;"9""";Андроид магнитола FYT 7862S, 9″, 4/64 ГБ, QLED 2K;17000;Переходная рамка для Suzuki Swift 2010 - 2016 9 дюймов Тип2;SU 084N;651;Переходник Андроид магнитолы для Suzuki,Honda;650;18301;ок;2;2;0
Suzuki;Swift;2016–2022;"10""";Андроид магнитола FYT 7862S, 10″, 4/64 ГБ, QLED 2K;17100;Переходная рамка для Suzuki Swift 2016+ 10 дюймов;SU 043T;826;Переходник Андроид магнитолы для Suzuki,Honda;650;18576;ок;1;2;0
Suzuki;Vitara;2014–2019;"9""";Андроид магнитола FYT 7862S, 9″, 4/64 ГБ, QLED 2K;17000;Переходная рамка для Suzuki Vitara 2014+ 9 дюймов;SVIT15MFB;873;Переходник Андроид магнитолы для Suzuki,Honda;650;18523;ок;1;3;0
Suzuki;Wagon R;2012–2017;"9""";Андроид магнитола FYT 7862S, 9″, 4/64 ГБ, QLED 2K;17000;Переходная рамка для Suzuki Wagon R 2012 - 2017 9 дюймов;SU 047N;1040;Переходник Андроид магнитолы для Suzuki,Honda;650;18690;ок;1;1;0
Suzuki;XBee;2017–2025;"9""";Андроид магнитола FYT 7862S, 9″, 4/64 ГБ, QLED 2K;17000;Переходная рамка для Suzuki XBee 2017+ 9 дюймов;SU 106N;1516;Переходник Андроид магнитолы для Suzuki,Honda;650;19166;ок;1;1;0
Toyota;4Runner;2009–2023;"9""";Андроид магнитола FYT 7862S, 9″, 4/64 ГБ, QLED 2K;17000;Переходная рамка для Toyota 4Runner 2009 - 2023 9 дюймов;TO 250N;1011;Переходник Андроид магнитолы для Toyota 1989-2022 года;650;18661;ок;1;9;0
Toyota;Allex;2001–2006;"9""";Андроид магнитола FYT 7862S, 9″, 4/64 ГБ, QLED 2K;17000;Переходная рамка для Toyota Corolla 2001 - 2004 (пр руль), 2001 - 2006 (л руль) 9 дюймов (беж);TK254 brown;1096;Переходник Андроид магнитолы для Toyota 1989-2022 года;650;18746;ок;2;5;0
Toyota;Allex;2004–2006;"9""";Андроид магнитола FYT 7862S, 9″, 4/64 ГБ, QLED 2K;17000;Переходная рамка для Toyota Corolla 2004 - 2006 (бежевая) 9 дюймов (правый руль);TO 300N;982;Переходник Андроид магнитолы для Toyota 1989-2022 года;650;18632;ок;1;5;0
Toyota;Allion;2001–2007;"9""";Андроид магнитола FYT 7862S, 9″, 4/64 ГБ, QLED 2K;17000;Переходная рамка для Toyota Premio, Allion 2001 - 2007 9 дюймов;TO 225N;1452;Переходник Андроид магнитолы для Toyota 1989-2022 года;650;19102;ок;1;5;0
Toyota;Allion;2007–2017;"9""";Андроид магнитола FYT 7862S, 9″, 4/64 ГБ, QLED 2K;17000;Переходная рамка для Toyota Premio, Allion 2007 - 2017 9 дюймов;TK539;1123;Переходник Андроид магнитолы для Toyota 1989-2022 года;650;18773;ок;1;5;0
Toyota;Allion;2017–2026;"9""";Андроид магнитола FYT 7862S, 9″, 4/64 ГБ, QLED 2K;17000;Переходная рамка для Toyota Premio, Allion 2017+ 10 дюймов;TO 330T;1253;Переходник Андроид магнитолы для Toyota 2012-2024 (Raize);2800;21053;ок;1;5;0
Toyota;Alphard;2002–2005;"9""";Андроид магнитола FYT 7862S, 9″, 4/64 ГБ, QLED 2K;17000;Переходная рамка для Toyota Alphard 2002 - 2005 9 дюймов;TOYALP1MFB;1546;Переходник Андроид магнитолы для Toyota 1989-2022 года;650;19196;ок;1;9;0
Toyota;Alphard;2005–2008;"9""";Андроид магнитола FYT 7862S, 9″, 4/64 ГБ, QLED 2K;17000;Переходная рамка для Toyota Alphard 2005 - 2008 9 дюймов;TO 249N;1214;Переходник Андроид магнитолы для Toyota 1989-2022 года;650;18864;ок;1;9;0
Toyota;Alphard;2008–2015;"9""";Андроид магнитола FYT 7862S, 9″, 4/64 ГБ, QLED 2K;17000;Переходная рамка для Toyota Alphard, Vellfire 2008 - 2015 9 дюймов;TO 262N;786;Переходник Андроид магнитолы для Toyota 1989-2022 года;650;18436;ок;3;9;0
Toyota;Alphard;2008–2015;"10""";Андроид магнитола FYT 7862S, 10″, 4/64 ГБ, QLED 2K;17100;Переходная рамка для Toyota Alphard, Vellfire 2008 - 2015 10 дюймов;TO 277T;1797;Переходник Андроид магнитолы для Toyota 1989-2022 года;650;19547;ок;1;9;0
Toyota;Alphard;2008–2015;"12,3""";Андроид магнитола FYT 7862S, 12,3″, 8/128 ГБ, QLED;26400;Переходная рамка в Toyota Alphard, Vellfire 2008 - 2015 для 12,3 дюйма магнитолы;K166;4365;Переходник Андроид магнитолы для Toyota 1989-2022 года;650;31415;ок;1;9;0
Toyota;Alphard;2015–2021;"10""";Андроид магнитола FYT 7862S, 10″, 4/64 ГБ, QLED 2K;17100;Установочный комплект для магнитол 10 дюймов в Toyota Alphard, Vellfire 15-21 (JBL, HDMI, 360);IN-TY1065T;28205;Переходник Андроид магнитолы для Toyota 1989-2022 года;650;45955;ок;1;9;0
Toyota;Alphard;2015–2023;"10""";Андроид магнитола FYT 7862S, 10″, 4/64 ГБ, QLED 2K;17100;Переходная рамка для Toyota Alphard, Vellfire 2015 - 2023 10 дюймов Тип2;TO 468T;1207;Переходник Андроид магнитолы для Toyota 2012-2024 (Raize);2800;21107;ок;2;9;0
Toyota;Altezza;1999–2005;"9""";Андроид магнитола FYT 7862S, 9″, 4/64 ГБ, QLED 2K;17000;Переходная рамка для Lexus IS250, Toyota Altezza 1999 - 2005 9 дюймов;LE 029N;2322;Переходник Андроид магнитолы для Toyota 1989-2022 года;650;19972;ок;1;5;0
Toyota;Aqua;2011–2017;"9""";Андроид магнитола FYT 7862S, 9″, 4/64 ГБ, QLED 2K;17000;Переходная рамка для Toyota Aqua 2011 - 2017 9 дюймов;TK 0836;1251;Переходник Андроид магнитолы для Toyota 1989-2022 года;650;18901;ок;1;5;0
Toyota;Aqua;2018–2026;"9""";Андроид магнитола FYT 7862S, 9″, 4/64 ГБ, QLED 2K;17000;Переходная рамка для Toyota Aqua 2018+ 9 дюймов (для замены ма-лы 200*100мм);TO 401N;825;Переходник Андроид магнитолы для Toyota 2012-2024 (Raize);2800;20625;ок;2;5;0
Toyota;Aristo;1997–2004;"9""";Андроид магнитола FYT 7862S, 9″, 4/64 ГБ, QLED 2K;17000;Переходная рамка для Lexus GS, Toyota Aristo 1997 - 2004 9 дюймов (для авто с Navi);LE 035N;2485;Переходник Андроид магнитолы для Toyota 1989-2022 года;650;20135;ок;1;6;0
Toyota;Auris;2006–2012;"9""";Андроид магнитола FYT 7862S, 9″, 4/64 ГБ, QLED 2K;17000;Переходная рамка для Toyota Auris 2006 - 2011, Blade 2006 - 2012 9 дюймов;TO 344N;1006;Переходник Андроид магнитолы для Toyota 1989-2022 года;650;18656;ок;1;5;0
Toyota;Auris;2012–2015;"9""";Андроид магнитола FYT 7862S, 9″, 4/64 ГБ, QLED 2K;17000;Переходная рамка для Toyota Auris 2012 - 2015 9 дюймов (левый руль);TO 395N;1207;Переходник Андроид магнитолы для Toyota 1989-2022 года;650;18857;ок;1;5;0
Toyota;Auris;2012–2015;"10""";Андроид магнитола FYT 7862S, 10″, 4/64 ГБ, QLED 2K;17100;Переходная рамка для Toyota Auris 2012 - 2015 10 дюймов (правый руль);TO 461T;1464;Переходник Андроид магнитолы для Toyota 1989-2022 года;650;19214;ок;1;5;0
Toyota;Avalon;2018–2025;"10""";Андроид магнитола FYT 7862S, 10″, 4/64 ГБ, QLED 2K;17100;Переходная рамка для Toyota Avalon 2018+ 10 дюймов тип1;TO 309T;4165;Переходник Андроид магнитолы для Toyota 2012-2024 (Raize);2800;24065;ок;1;6;0
Toyota;Avensis;1997–2000;"9""";Андроид магнитола FYT 7862S, 9″, 4/64 ГБ, QLED 2K;17000;Переходная рамка в Toyota Avensis (I) 1997 - 2000 9 дюймов (черная);TO 748N;2298;Переходник Андроид магнитолы для Toyota 1989-2022 года;650;19948;ок;1;5;0
Toyota;Avensis;2000–2003;"9""";Андроид магнитола FYT 7862S, 9″, 4/64 ГБ, QLED 2K;17000;Переходная рамка в Toyota Avensis (I) 2000 - 2003 9 дюймов (черная);TO 778N;2406;Переходник Андроид магнитолы для Toyota 1989-2022 года;650;20056;ок;2;5;0
Toyota;Avensis;2003–2009;"9""";Андроид магнитола FYT 7862S, 9″, 4/64 ГБ, QLED 2K;17000;Переходная рамка для Toyota Avensis 2003 - 2009 9 дюймов (Черная);TO 375N;852;Переходник Андроид магнитолы для Toyota 1989-2022 года;650;18502;ок;3;5;0
Toyota;Avensis;2009–2015;"9""";Андроид магнитола FYT 7862S, 9″, 4/64 ГБ, QLED 2K;17000;Переходная рамка для Toyota Avensis (T270) 2009 - 2015 9 дюймов (Черная);TO 224N;808;Переходник Андроид магнитолы для Toyota 1989-2022 года;650;18458;ок;2;5;0
Toyota;Avensis;2015–2018;"10""";Андроид магнитола FYT 7862S, 10″, 4/64 ГБ, QLED 2K;17100;Переходная рамка для Toyota Avensis 2015 - 2018 10 дюймов;TO 519T;1145;Переходник Андроид магнитолы для Toyota 1989-2022 года;650;18895;ок;1;5;0
Toyota;Belta;2006–2012;"9""";Андроид магнитола FYT 7862S, 9″, 4/64 ГБ, QLED 2K;17000;Переходная рамка для Toyota Belta 2006 - 2012 9 дюймов черная;TO 367N;700;Переходник Андроид магнитолы для Toyota 1989-2022 года;650;18350;ок;2;5;0
Toyota;Blade;2006–2012;"9""";Андроид магнитола FYT 7862S, 9″, 4/64 ГБ, QLED 2K;17000;Переходная рамка для Toyota Auris 2006 - 2011, Blade 2006 - 2012 9 дюймов;TO 344N;1006;Переходник Андроид магнитолы для Toyota 1989-2022 года;650;18656;ок;1;5;0
Toyota;C-HR;2016–2019;"9""";Андроид магнитола FYT 7862S, 9″, 4/64 ГБ, QLED 2K;17000;Переходная рамка для Toyota C-HR 2016 - 2019 9 дюймов (правый руль) (для замены ма-лы 200*100мм);TO 283N;1279;Переходник Андроид магнитолы для Toyota 1989-2022 года;650;18929;ок;3;6;0
Toyota;C-HR;2019–2026;"9""";Андроид магнитола FYT 7862S, 9″, 4/64 ГБ, QLED 2K;17000;Переходная рамка для Toyota C-HR 2019+ 9 дюймов (левый руль) тип 1;TOYCHRMFB;1028;Переходник Андроид магнитолы для Toyota 2012+;4718;22746;ок;1;6;0
Toyota;Caldina;1992–1996;"9""";Андроид магнитола FYT 7862S, 9″, 4/64 ГБ, QLED 2K;17000;Переходная рамка в Toyota Corona, Caldina 1992 — 1996 9 дюймов;TO 731N;2298;Переходник Андроид магнитолы для Toyota 1989-2022 года;650;19948;ок;1;5;0
Toyota;Caldina;2002–2007;"9""";Андроид магнитола FYT 7862S, 9″, 4/64 ГБ, QLED 2K;17000;Переходная рамка для Toyota Caldina 2002 - 2007 9 дюймов;TO 376N;1304;Переходник Андроид магнитолы для Toyota 1989-2022 года;650;18954;ок;1;5;0
Toyota;Camry;2000–2003;"9""";Андроид магнитола FYT 7862S, 9″, 4/64 ГБ, QLED 2K;17000;Переходная рамка для Toyota Camry 2000 - 2003 9 дюймов;TO 417N;704;Переходник Андроид магнитолы для Toyota 1989-2022 года;650;18354;ок;1;7;0
Toyota;Camry;2001–2006;"9""";Андроид магнитола FYT 7862S, 9″, 4/64 ГБ, QLED 2K;17000;Переходная рамка для Toyota Camry 2001 - 2006 9 дюймов;TO 200N;1284;Переходник Андроид магнитолы для Toyota 1989-2022 года;650;18934;ок;2;7;0
Toyota;Camry;2001–2006;"12,3""";Андроид магнитола FYT 7862S, 12,3″, 8/128 ГБ, QLED;26400;Переходная рамка в Toyota Camry 2001 - 2006 для 12,3 дюйма магнитолы серая;K79 PA7/PA5;6015;Переходник Андроид магнитолы для Toyota 1989-2022 года;650;33065;ок;1;7;0
Toyota;Camry;2006–2010;"10""";Андроид магнитола FYT 7862S, 10″, 4/64 ГБ, QLED 2K;17100;Переходная рамка в Toyota Camry 2006 - 2011 10 дюймов Тип2 Черная;TO 801T;1697;Переходник Андроид магнитолы для Toyota 1989-2022 года;650;19447;ок;2;7;0
Toyota;Camry;2006–2011;"9""";Андроид магнитола FYT 7862S, 9″, 4/64 ГБ, QLED 2K;17000;Переходная рамка для Toyota Camry 2006 - 2011 9 дюймов;TO 222N;638;Переходник Андроид магнитолы для Toyota 1989-2022 года;650;18288;ок;1;7;0
Toyota;Camry;2006–2011;"10""";Андроид магнитола FYT 7862S, 10″, 4/64 ГБ, QLED 2K;17100;Переходная рамка для Toyota Camry 2006 - 2011 10 дюймов;TK085;966;Переходник Андроид магнитолы для Toyota 1989-2022 года;650;18716;ок;2;7;0
Toyota;Camry;2006–2011;"12,3""";Андроид магнитола FYT 7862S, 12,3″, 8/128 ГБ, QLED;26400;Переходная рамка в Toyota Camry 2006 - 2011 для 12,3 дюйма магнитолы черная;K412+K328;5947;Переходник Андроид магнитолы для Toyota 1989-2022 года;650;32997;ок;2;7;0
Toyota;Camry;2012–2014;"10""";Андроид магнитола FYT 7862S, 10″, 4/64 ГБ, QLED 2K;17100;Переходная рамка для Toyota Camry 2012 - 2014 10 дюймов;AYCMRP014;960;Переходник Андроид магнитолы для Toyota 1989-2022 года;650;18710;ок;1;7;0
Toyota;Camry;2012–2014;"12,3""";Андроид магнитола FYT 7862S, 12,3″, 8/128 ГБ, QLED;26400;Установочный комплект для магнитол 12.3 дюйма в Toyota Camry 2012 - 2014;IN-TY1054C;13697;Переходник Андроид магнитолы для Toyota 1989-2022 года;650;40747;ок;1;7;0
Toyota;Camry;2015–2018;"10""";Андроид магнитола FYT 7862S, 10″, 4/64 ГБ, QLED 2K;17100;Переходная рамка для Toyota Camry 2015 - 2018 10 дюймов;TO 190T;873;Переходник Андроид магнитолы для Toyota 1989-2022 года;650;18623;ок;1;7;0
Toyota;Camry;2015–2018;"12,3""";Андроид магнитола FYT 7862S, 12,3″, 8/128 ГБ, QLED;26400;Переходная рамка в Toyota Camry 2015 - 2018 для 12,3 дюйма магнитолы;K53+10I 11;6162;Переходник Андроид магнитолы для Toyota 1989-2022 года;650;33212;ок;1;7;0
Toyota;Camry;2018–2021;"9""";Андроид магнитола FYT 7862S, 9″, 4/64 ГБ, QLED 2K;17000;Установочный комплект для магнитол 9 дюймов в Toyota Camry 2018 - 2021 (авто без Navi);IN-TO 127N;20452;Переходник Андроид магнитолы для Toyota 1989-2022 года;650;38102;ок;2;7;0
Toyota;Camry;2018–2021;"10""";Андроид магнитола FYT 7862S, 10″, 4/64 ГБ, QLED 2K;17100;Переходная рамка для Toyota Camry 2018 - 2021 10 дюймов;TK 304;2390;Переходник Андроид магнитолы для Toyota 1989-2022 года;650;20140;ок;1;7;0
Toyota;Camry;2021–2025;"10""";Андроид магнитола FYT 7862S, 10″, 4/64 ГБ, QLED 2K;17100;Переходная рамка для Toyota Camry 2021+ 10 дюймов (левый руль);TK763;2018;Переходник Андроид магнитолы для Toyota 2020+ (Raize);2800;21918;ок;1;7;0
Toyota;Camry;2021–2026;"10""";Андроид магнитола FYT 7862S, 10″, 4/64 ГБ, QLED 2K;17100;Переходная рамка для Toyota Camry 2021+ 10 дюймов (для авто с внутреннего китайского рынка) Тип1;TO 543T;1326;Переходник Андроид магнитолы для Toyota 2020+ (Raize);2800;21226;ок;1;7;0
Toyota;Carina;1992–1997;"9""";Андроид магнитола FYT 7862S, 9″, 4/64 ГБ, QLED 2K;17000;Переходная рамка в Toyota Carina E (T190) 1992 — 1997 9 дюймов (левый руль);TO 735N;2373;Переходник Андроид магнитолы для Toyota 1989-2022 года;650;20023;ок;1;5;0
Toyota;Celica;1999–2006;"9""";Андроид магнитола FYT 7862S, 9″, 4/64 ГБ, QLED 2K;17000;Переходная рамка для Toyota Celica 1999 - 2006 9 дюймов взамен верхнего бардачка;TO 451N;1824;Переходник Андроид магнитолы для Toyota 1989-2022 года;650;19474;ок;1;5;0
Toyota;Corolla;1995–1998;"9""";Андроид магнитола FYT 7862S, 9″, 4/64 ГБ, QLED 2K;17000;Переходная рамка в Toyota Corolla (E110) 1995 — 1998 9 дюймов (левый руль);TO 726N;3339;Переходник Андроид магнитолы для Toyota 1989-2022 года;650;20989;ок;1;6;0
Toyota;Corolla;2000–2007;"9""";Андроид магнитола FYT 7862S, 9″, 4/64 ГБ, QLED 2K;17000;Дефлекторы воздуховодов в Toyota Corolla 2000 - 2007 для рамок 9/10 дюймов (бежевые, высота 85мм);TO 577-1;1277;Переходник Андроид магнитолы для Toyota 1989-2022 года;650;18927;ок;1;6;0
Toyota;Corolla;2001–2006;"9""";Андроид магнитола FYT 7862S, 9″, 4/64 ГБ, QLED 2K;17000;Переходная рамка для Toyota Corolla 2001 - 2004 (пр руль), 2001 - 2006 (л руль) 9 дюймов (беж);TK254 brown;1096;Переходник Андроид магнитолы для Toyota 1989-2022 года;650;18746;ок;3;6;0
Toyota;Corolla;2004–2006;"9""";Андроид магнитола FYT 7862S, 9″, 4/64 ГБ, QLED 2K;17000;Переходная рамка для Toyota Corolla 2004 - 2006 (бежевая) 9 дюймов (правый руль);TO 300N;982;Переходник Андроид магнитолы для Toyota 1989-2022 года;650;18632;ок;1;6;0
Toyota;Corolla;2006–2013;"9""";Андроид магнитола FYT 7862S, 9″, 4/64 ГБ, QLED 2K;17000;Переходная рамка для Toyota Corolla Axio, Fielder 2006 - 2013 9 дюймов черная;TO 181N;485;Переходник Андроид магнитолы для Toyota 1989-2022 года;650;18135;ок;3;6;0
Toyota;Corolla;2012–2016;"10""";Андроид магнитола FYT 7862S, 10″, 4/64 ГБ, QLED 2K;17100;Переходная рамка для Toyota Corolla 2012 - 2016 10 дюймов;TK008;1290;Переходник Андроид магнитолы для Toyota 1989-2022 года;650;19040;ок;1;6;0
Toyota;Corolla;2012–2020;"9""";Андроид магнитола FYT 7862S, 9″, 4/64 ГБ, QLED 2K;17000;Переходная рамка для Toyota Corolla Axio, Fielder 2012+ 9 дюймов;TO 329N;909;Переходник Андроид магнитолы для Toyota 1989-2022 года;650;18559;ок;2;6;0
Toyota;Corolla;2016–2019;"10""";Андроид магнитола FYT 7862S, 10″, 4/64 ГБ, QLED 2K;17100;Переходная рамка для Toyota Corolla 2016 - 2019 10 дюймов;TK337;2111;Переходник Андроид магнитолы для Toyota 1989-2022 года;650;19861;ок;1;6;0
Toyota;Corolla;2018–2024;"12,3""";Андроид магнитола FYT 7862S, 12,3″, 8/128 ГБ, QLED;26400;Переходная рамка в Toyota Corolla (E210), Corolla Cross 2018+ для 12,3 дюйма магнитолы (с крышкой);155B+TL 3;4788;Переходник Андроид магнитолы для Toyota 2012-2024 (Raize);2800;33988;ок;1;6;0
Toyota;Corolla;2018–2025;"12,3""";Андроид магнитола FYT 7862S, 12,3″, 8/128 ГБ, QLED;26400;Переходная рамка для Toyota Corolla (E210), Corolla Cross 2018+ для 12,3 дюйма магнитолы;003B;1614;Переходник Андроид магнитолы для Toyota 2012-2024 (Raize);2800;30814;ок;1;6;0
Toyota;Corolla;2018–2026;"10""";Андроид магнитола FYT 7862S, 10″, 4/64 ГБ, QLED 2K;17100;Переходная рамка для Toyota Corolla (E210) 2018+ 10 дюймов;TK 515;1134;Переходник Андроид магнитолы для Toyota 2018+;3102;21336;ок;1;6;0
Toyota;Corolla;2019–2026;"10""";Андроид магнитола FYT 7862S, 10″, 4/64 ГБ, QLED 2K;17100;Переходная рамка для Toyota Corolla (E210), Corolla Cross 2018+ 10 дюймов тип 2;TK 597;1151;Переходник Андроид магнитолы для Toyota 2018+;3102;21353;ок;1;6;0
Toyota;Corolla Cross;2018–2024;"12,3""";Андроид магнитола FYT 7862S, 12,3″, 8/128 ГБ, QLED;26400;Переходная рамка в Toyota Corolla (E210), Corolla Cross 2018+ для 12,3 дюйма магнитолы (с крышкой);155B+TL 3;4788;Переходник Андроид магнитолы для Toyota 2012-2024 (Raize);2800;33988;ок;1;5;0
Toyota;Corolla Cross;2019–2026;"10""";Андроид магнитола FYT 7862S, 10″, 4/64 ГБ, QLED 2K;17100;Переходная рамка для Toyota Corolla (E210), Corolla Cross 2018+ 10 дюймов тип 2;TK 597;1151;Переходник Андроид магнитолы для Toyota 2020+ (Raize);2800;21051;ок;1;5;0
Toyota;Corolla Rumion;2007–2015;"9""";Андроид магнитола FYT 7862S, 9″, 4/64 ГБ, QLED 2K;17000;Переходная рамка для Toyota Corolla Rumion 2007 - 2015 9 дюймов;TO 343N;1249;Переходник Андроид магнитолы для Toyota 1989-2022 года;650;18899;ок;1;5;0
Toyota;Corolla Verso;2004–2009;"9""";Андроид магнитола FYT 7862S, 9″, 4/64 ГБ, QLED 2K;17000;Переходная рамка для Toyota Corolla Verso 2004 - 2009 9 дюймов;TO 260N;1073;Переходник Андроид магнитолы для Toyota 1989-2022 года;650;18723;ок;1;5;0
Toyota;Corona;1992–1996;"9""";Андроид магнитола FYT 7862S, 9″, 4/64 ГБ, QLED 2K;17000;Переходная рамка в Toyota Corona, Caldina 1992 — 1996 9 дюймов;TO 731N;2298;Переходник Андроид магнитолы для Toyota 1989-2022 года;650;19948;ок;1;5;0
Toyota;Crown;1999–2003;"10""";Андроид магнитола FYT 7862S, 10″, 4/64 ГБ, QLED 2K;17100;Установочный комплект для магнитолы 10 дюймов в Toyota Crown 1999 - 2003 (LZ);IN-TO 114N;23585;Переходник Андроид магнитолы для Toyota 1989-2022 года;650;41335;ок;1;5;0
Toyota;Crown;2003–2008;"9""";Андроид магнитола FYT 7862S, 9″, 4/64 ГБ, QLED 2K;17000;Установочный комплект для магнитол 9 дюймов в Toyota Crown 2003 - 2008 (чёрный);IN-TO 126N;14626;Переходник Андроид магнитолы для Toyota 1989-2022 года;650;32276;ок;1;5;0
Toyota;Crown;2012–2018;"9""";Андроид магнитола FYT 7862S, 9″, 4/64 ГБ, QLED 2K;17000;Переходная рамка для Toyota Crown 2012 - 2018 9 дюймов;TO 548N;4670;Переходник Андроид магнитолы для Toyota 1989-2022 года;650;22320;ок;1;5;0
Toyota;Esquire;2014–2021;"9""";Андроид магнитола FYT 7862S, 9″, 4/64 ГБ, QLED 2K;17000;Переходная рамка для Toyota Noah, Esquire, Voxy 2014 - 2021 9 дюймов;TO 271N;1321;Переходник Андроид магнитолы для Toyota 1989-2022 года;650;18971;ок;1;5;0
Toyota;Esquire;2014–2021;"10""";Андроид магнитола FYT 7862S, 10″, 4/64 ГБ, QLED 2K;17100;Переходная рамка для Toyota Noah, Esquire, Voxy 2014 - 2021 10 дюймов;TO 247T;1238;Переходник Андроид магнитолы для Toyota 1989-2022 года;650;18988;ок;2;5;0
Toyota;Esquire;2014–2021;"12,3""";Андроид магнитола FYT 7862S, 12,3″, 8/128 ГБ, QLED;26400;Переходная рамка в Toyota Noah, Esquire, Voxy 2014 - 2021 для 12,3 дюйма магнитолы;K250+K328;9685;Переходник Андроид магнитолы для Toyota 1989-2022 года;650;36735;ок;1;5;0
Toyota;Estima;2000–2005;"9""";Андроид магнитола FYT 7862S, 9″, 4/64 ГБ, QLED 2K;17000;Переходная рамка для Toyota Estima 2000 - 2005 9 дюймов;TO 276N;2016;Переходник Андроид магнитолы для Toyota 1989-2022 года;650;19666;ок;1;6;0
Toyota;Estima;2006–2016;"10""";Андроид магнитола FYT 7862S, 10″, 4/64 ГБ, QLED 2K;17100;Переходная рамка для Toyota Estima 2006 - 2016 10 дюймов (правый руль);TO 304T;1119;Переходник Андроид магнитолы для Toyota 1989-2022 года;650;18869;ок;1;6;0
Toyota;FJ Cruiser;2006–2022;"9""";Андроид магнитола FYT 7862S, 9″, 4/64 ГБ, QLED 2K;17000;Переходная рамка для Toyota FJ Cruiser 2006+ 9 дюймов (черная);TO 240N;1384;Переходник Андроид магнитолы для Toyota 1989-2022 года;650;19034;ок;1;5;0
Toyota;Fortuner;2005–2008;"9""";Андроид магнитола FYT 7862S, 9″, 4/64 ГБ, QLED 2K;17000;Переходная рамка для Toyota Hilux, Fortuner 2005 - 2008 9 дюймов (авто с климат-контролем);TO 213N;1352;Переходник Андроид магнитолы для Toyota 1989-2022 года;650;19002;ок;2;5;0
Toyota;Fortuner;2005–2015;"12,3""";Андроид магнитола FYT 7862S, 12,3″, 8/128 ГБ, QLED;26400;Переходная рамка в Toyota Hilux, Fortuner 2005 - 2015 для 12,3 дюйма магнитолы (авто с кондиционером) Черная;K90 PA7/PA5;8368;Переходник Андроид магнитолы для Toyota 1989-2022 года;650;35418;ок;1;5;0
Toyota;Fortuner;2008–2015;"9""";Андроид магнитола FYT 7862S, 9″, 4/64 ГБ, QLED 2K;17000;Переходная рамка для Toyota Hilux, Fortuner 2008 - 2015 9 дюймов;TK571;1623;Переходник Андроид магнитолы для Toyota 1989-2022 года;650;19273;ок;2;5;0
Toyota;Fortuner;2008–2015;"12,3""";Андроид магнитола FYT 7862S, 12,3″, 8/128 ГБ, QLED;26400;Переходная рамка в Toyota Hilux, Fortuner 2008 - 2015 для 12,3 дюйма магнитолы (авто с кондиционером) Орех;K98 PA7/PA5;8368;Переходник Андроид магнитолы для Toyota 1989-2022 года;650;35418;ок;1;5;0
Toyota;Fortuner;2015–2022;"9""";Андроид магнитола FYT 7862S, 9″, 4/64 ГБ, QLED 2K;17000;Переходная рамка для Toyota Fortuner 2015+ 9 дюймов;TFOR15MFB;1109;Переходник Андроид магнитолы для Toyota 1989-2022 года;650;18759;ок;1;5;0
Toyota;Funcargo;1999–2005;"9""";Андроид магнитола FYT 7862S, 9″, 4/64 ГБ, QLED 2K;17000;Переходная рамка для Toyota Funcargo 1999 - 2005 9 дюймов;TO 444N;1194;Переходник Андроид магнитолы для Toyota 1989-2022 года;650;18844;ок;1;5;0
Toyota;GT86;2012–2021;"9""";Андроид магнитола FYT 7862S, 9″, 4/64 ГБ, QLED 2K;17000;Переходная рамка для Toyota GT86 2012+ 9 дюймов;TO 443N;2686;Переходник Андроид магнитолы для Toyota 1989-2022 года;650;20336;ок;1;5;0
Toyota;Harrier;1997–2003;"9""";Андроид магнитола FYT 7862S, 9″, 4/64 ГБ, QLED 2K;17000;Переходная рамка для Toyota Harrier, Lexus RX 1997 - 2003 9 дюймов;TO 274N;2672;Переходник Андроид магнитолы для Toyota 1989-2022 года;650;20322;ок;2;12;0
Toyota;Harrier;2003–2009;"9""";Андроид магнитола FYT 7862S, 9″, 4/64 ГБ, QLED 2K;17000;Установочный комплект для магнитолы 9 дюймов в Toyota Harrier 2003 - 2012, Lexus RX 03- 09 верх;LEXRX3MFB;12917;Переходник Андроид магнитолы для Toyota 1989-2022 года;650;30567;ок;1;12;0
Toyota;Harrier;2003–2009;"12,3""";Андроид магнитола FYT 7862S, 12,3″, 8/128 ГБ, QLED;26400;Установочный комплект для магнитол 12.3 дюйма в Toyota Harrier 03-12, Lexus RX 03-09 (авто с усил.);IN-TY1067C;12967;Переходник Андроид магнитолы для Toyota 1989-2022 года;650;40017;ок;1;12;0
Toyota;Harrier;2003–2012;"9""";Андроид магнитола FYT 7862S, 9″, 4/64 ГБ, QLED 2K;17000;Переходная рамка для Toyota Harrier 2003 - 2012, Lexus RX 2003 - 2009 9 дюймов (низ);LE 020N;1069;Переходник Андроид магнитолы для Toyota 1989-2022 года;650;18719;ок;2;12;0
Toyota;Harrier;2003–2012;"10""";Андроид магнитола FYT 7862S, 10″, 4/64 ГБ, QLED 2K;17100;Переходная рамка для Toyota Harrier 2003 - 2012, Lexus RX 2003 - 2009 10 дюймов (низ);TK673;950;Переходник Андроид магнитолы для Toyota 1989-2022 года;650;18700;ок;1;12;0
Toyota;Harrier;2013–2017;"10""";Андроид магнитола FYT 7862S, 10″, 4/64 ГБ, QLED 2K;17100;Переходная рамка для Toyota Harrier 2013 - 2017 10 дюймов;TK562;2239;Переходник Андроид магнитолы для Toyota 1989-2022 года;650;19989;ок;1;12;0
Toyota;Harrier;2017–2020;"10""";Андроид магнитола FYT 7862S, 10″, 4/64 ГБ, QLED 2K;17100;Переходная рамка для Toyota Harrier 2017 - 2020 10 дюймов;TO 426T;3589;Переходник Андроид магнитолы для Toyota 1989-2022 года;650;21339;ок;1;12;0
Toyota;Harrier;2021–2026;"10""";Андроид магнитола FYT 7862S, 10″, 4/64 ГБ, QLED 2K;17100;Переходная рамка для Toyota Harrier, Venza 2021+  10 дюймов;TO 549T;1708;Переходник Андроид магнитолы для Toyota 2020+ (Raize);2800;21608;ок;1;12;0
Toyota;Harrier;2021–2026;"12,3""";Андроид магнитола FYT 7862S, 12,3″, 8/128 ГБ, QLED;26400;Переходная рамка для Toyota Harrier, Venza 2021+ для 12,3 магнитолы;TK 3023;2530;Переходник Андроид магнитолы для Toyota 2020+ (Raize);2800;31730;ок;1;12;0
Toyota;Hiace;2010–2019;"10""";Андроид магнитола FYT 7862S, 10″, 4/64 ГБ, QLED 2K;17100;Переходная рамка для Toyota Hiace 2010+ 10 дюймов (правый руль, широкий кузов авто);TO 465T;2133;Переходник Андроид магнитолы для Toyota 1989-2022 года;650;19883;ок;1;6;0
Toyota;Hiace;2019–2026;"9""";Андроид магнитола FYT 7862S, 9″, 4/64 ГБ, QLED 2K;17000;Переходная рамка для Toyota Hiace (H300) 2019+ 9 дюймов (левый руль);TO 568N;625;Переходник Андроид магнитолы для Toyota 2012+ (BC2);3310;20935;ок;1;6;0
Toyota;Highlander;2000–2007;"9""";Андроид магнитола FYT 7862S, 9″, 4/64 ГБ, QLED 2K;17000;Переходная рамка для Toyota Highlander, Kluger 2000 - 2007 9 дюймов (серая);TO 614N;3135;Переходник Андроид магнитолы для Toyota 1989-2022 года;650;20785;ок;1;9;0
Toyota;Highlander;2007–2013;"10""";Андроид магнитола FYT 7862S, 10″, 4/64 ГБ, QLED 2K;17100;Переходная рамка для Toyota Highlander 2007 - 2013, энкодер отсутствует, 10 дюймов;TK221;1165;Переходник Андроид магнитолы для Toyota 1989-2022 года;650;18915;ок;2;9;0
Toyota;Highlander;2013–2019;"10""";Андроид магнитола FYT 7862S, 10″, 4/64 ГБ, QLED 2K;17100;Переходная рамка для Toyota Highlander 2013 - 2019 10 дюймов;TO 233T;732;Переходник Андроид магнитолы для Toyota 1989-2022 года;650;18482;ок;1;9;0
Toyota;Highlander;2019–2026;"9""";Андроид магнитола FYT 7862S, 9″, 4/64 ГБ, QLED 2K;17000;Переходная рамка для Toyota Highlander 2019+ 9 дюймов;TO 551N;787;Переходник Андроид магнитолы для Toyota 2012+;4718;22505;ок;1;9;0
Toyota;Highlander;2019–2026;"10""";Андроид магнитола FYT 7862S, 10″, 4/64 ГБ, QLED 2K;17100;Переходная рамка для Toyota Highlander 2019+ 10 дюймов;TO 550T;962;Переходник Андроид магнитолы для Toyota 2012+;4718;22780;ок;1;9;0
Toyota;Hilux;2005–2008;"9""";Андроид магнитола FYT 7862S, 9″, 4/64 ГБ, QLED 2K;17000;Переходная рамка для Toyota Hilux, Fortuner 2005 - 2008 9 дюймов (авто с климат-контролем);TO 213N;1352;Переходник Андроид магнитолы для Toyota 1989-2022 года;650;19002;ок;2;5;0
Toyota;Hilux;2005–2015;"12,3""";Андроид магнитола FYT 7862S, 12,3″, 8/128 ГБ, QLED;26400;Переходная рамка в Toyota Hilux, Fortuner 2005 - 2015 для 12,3 дюйма магнитолы (авто с кондиционером) Черная;K90 PA7/PA5;8368;Переходник Андроид магнитолы для Toyota 1989-2022 года;650;35418;ок;1;5;0
Toyota;Hilux;2008–2015;"9""";Андроид магнитола FYT 7862S, 9″, 4/64 ГБ, QLED 2K;17000;Переходная рамка для Toyota Hilux, Fortuner 2008 - 2015 9 дюймов;TK571;1623;Переходник Андроид магнитолы для Toyota 1989-2022 года;650;19273;ок;2;5;0
Toyota;Hilux;2008–2015;"12,3""";Андроид магнитола FYT 7862S, 12,3″, 8/128 ГБ, QLED;26400;Переходная рамка в Toyota Hilux, Fortuner 2008 - 2015 для 12,3 дюйма магнитолы (авто с кондиционером) Орех;K98 PA7/PA5;8368;Переходник Андроид магнитолы для Toyota 1989-2022 года;650;35418;ок;1;5;0
Toyota;Hilux;2015–2021;"10""";Андроид магнитола FYT 7862S, 10″, 4/64 ГБ, QLED 2K;17100;Переходная рамка для Toyota Hilux 2015+ (левый руль) 10 дюймов;TK600;1552;Переходник Андроид магнитолы для Toyota 1989-2022 года;650;19302;ок;1;5;0
Toyota;Hilux;2015–2022;"12,3""";Андроид магнитола FYT 7862S, 12,3″, 8/128 ГБ, QLED;26400;Переходная рамка в Toyota Hilux 2015+ (правый руль) для 12,3 дюйма магнитолы;K357+K328;6829;Переходник Андроид магнитолы для Toyota 1989-2022 года;650;33879;ок;1;5;0
Toyota;Hilux Surf;1996–2002;"10""";Андроид магнитола FYT 7862S, 10″, 4/64 ГБ, QLED 2K;17100;Переходная рамка для Toyota Hilux Surf 1996 - 2002 10 дюймов;TO 400T;1209;Переходник Андроид магнитолы для Toyota 1989-2022 года;650;18959;ок;1;5;0
Toyota;Hilux Surf;2002–2009;"9""";Андроид магнитола FYT 7862S, 9″, 4/64 ГБ, QLED 2K;17000;Переходная рамка для Toyota Hilux Surf 2002 - 2009 9 дюймов;TO 402N;658;Переходник Андроид магнитолы для Toyota 1989-2022 года;650;18308;ок;1;5;0
Toyota;Ipsum;1998–2001;"9""";Андроид магнитола FYT 7862S, 9″, 4/64 ГБ, QLED 2K;17000;Переходная рамка для Toyota Ipsum 1998 - 2001, Gaia 1998 - 2004 9 дюймов (в верхн. часть панели);TO 453N;2002;Переходник Андроид магнитолы для Toyota 1989-2022 года;650;19652;ок;1;5;0
Toyota;Ipsum;2001–2009;"9""";Андроид магнитола FYT 7862S, 9″, 4/64 ГБ, QLED 2K;17000;Переходная рамка для Toyota Ipsum 2001 - 2009 9 дюймов;TO 441N;1130;Переходник Андроид магнитолы для Toyota 1989-2022 года;650;18780;ок;3;5;0
Toyota;Isis;2004–2017;"9""";Андроид магнитола FYT 7862S, 9″, 4/64 ГБ, QLED 2K;17000;Переходная рамка для Toyota Isis 2004 - 2017 9 дюймов;TO 458N;1164;Переходник Андроид магнитолы для Toyota 1989-2022 года;650;18814;ок;1;5;0
Toyota;Ist;2002–2007;"10""";Андроид магнитола FYT 7862S, 10″, 4/64 ГБ, QLED 2K;17100;Переходная рамка для Toyota Ist 2002 - 2007 10 дюймов;TO 396T;1350;Переходник Андроид магнитолы для Toyota 1989-2022 года;650;19100;ок;1;5;0
Toyota;Ist;2007–2016;"9""";Андроид магнитола FYT 7862S, 9″, 4/64 ГБ, QLED 2K;17000;Переходная рамка для Toyota Ist 2007 - 2016 9 дюймов;TO 388N;1124;Переходник Андроид магнитолы для Toyota 1989-2022 года;650;18774;ок;1;5;0
Toyota;Land Cruiser;1998–2002;"9""";Андроид магнитола FYT 7862S, 9″, 4/64 ГБ, QLED 2K;17000;Переходная рамка для Lexus LX470, Toyota Land Cruiser 98 - 02 9 дюймов (для авто без монитора);LE 023N;1094;Переходник Андроид магнитолы для Toyota 1989-2022 года;650;18744;ок;2;12;0
Toyota;Land Cruiser;2003–2007;"9""";Андроид магнитола FYT 7862S, 9″, 4/64 ГБ, QLED 2K;17000;Переходная рамка для Toyota Land Cruiser J105 2003 - 2007 9 дюймов (для авто с МКПП);TOY105MFB;838;Переходник Андроид магнитолы для Toyota 1989-2022 года;650;18488;ок;1;12;0
Toyota;Land Cruiser;2003–2007;"10""";Андроид магнитола FYT 7862S, 10″, 4/64 ГБ, QLED 2K;17100;Переходная рамка для Toyota Land Cruiser 100, Lexus LX470 2003 - 2007 10 дюймов;TO 279T;823;Переходник Андроид магнитолы для Toyota 1989-2022 года;650;18573;ок;2;12;0
Toyota;Land Cruiser;2007–2009;"9""";Андроид магнитола FYT 7862S, 9″, 4/64 ГБ, QLED 2K;17000;Установочный комплект для магнитол 9 дюймов в Toyota Land Cruiser 2007 - 2009 Тип C (LZ);IN-TO 116N;14618;Переходник Андроид магнитолы для Toyota 1989-2022 года;650;32268;ок;1;12;0
Toyota;Land Cruiser;2007–2009;"10""";Андроид магнитола FYT 7862S, 10″, 4/64 ГБ, QLED 2K;17100;Установочный комплект для магнитол 10 дюймов в Toyota Land Cruiser 2007 - 2009 Тип C KSD;IN-TY1060T;12494;Переходник Андроид магнитолы для Toyota 1989-2022 года;650;30244;ок;1;12;0
Toyota;Land Cruiser;2007–2015;"10""";Андроид магнитола FYT 7862S, 10″, 4/64 ГБ, QLED 2K;17100;Переходная рамка для Toyota Land Cruiser 2007 - 2015 10 дюймов;ARCRSD012;1119;Переходник Андроид магнитолы для Toyota 1989-2022 года;650;18869;ок;1;12;0
Toyota;Land Cruiser;2007–2015;"12,3""";Андроид магнитола FYT 7862S, 12,3″, 8/128 ГБ, QLED;26400;Переходная рамка в Toyota Land Cruiser 2007 - 2015 для 12,3 дюйма магнитолы;K130;8242;Переходник Андроид магнитолы для Toyota 1989-2022 года;650;35292;ок;1;12;0
Toyota;Land Cruiser;2010–2012;"9""";Андроид магнитола FYT 7862S, 9″, 4/64 ГБ, QLED 2K;17000;Установочный комплект для магнитол 9 дюймов в Toyota Land Cruiser 2010 - 2012 тип A (LZ);IN-TO 117N;16874;Переходник Андроид магнитолы для Toyota 1989-2022 года;650;34524;ок;1;12;0
Toyota;Land Cruiser;2010–2012;"10""";Андроид магнитола FYT 7862S, 10″, 4/64 ГБ, QLED 2K;17100;Установочный комплект для магнитол 10 дюймов в Toyota Land Cruiser 2010 - 2012 тип A MK2;IN-TY1058T;10403;Переходник Андроид магнитолы для Toyota 1989-2022 года;650;28153;ок;1;12;0
Toyota;Land Cruiser;2013–2015;"9""";Андроид магнитола FYT 7862S, 9″, 4/64 ГБ, QLED 2K;17000;Установочный комплект для магнитол 9 дюймов в Toyota Land Cruiser 2013 - 2015 тип B (LZ);IN-TO 118N;13851;Переходник Андроид магнитолы для Toyota 1989-2022 года;650;31501;ок;1;12;0
Toyota;Land Cruiser;2013–2015;"10""";Андроид магнитола FYT 7862S, 10″, 4/64 ГБ, QLED 2K;17100;Установочный комплект для магнитол 10 дюймов в Toyota Land Cruiser 2013 - 2015 тип B MK2;IN-TY1059T;10421;Переходник Андроид магнитолы для Toyota 1989-2022 года;650;28171;ок;1;12;0
Toyota;Land Cruiser;2013–2015;"12,3""";Андроид магнитола FYT 7862S, 12,3″, 8/128 ГБ, QLED;26400;Установочный комплект для магнитол 12,3 дюйма в Toyota Land Cruiser 2013 - 2015 тип B;K130 PA1+CA-639;17919;Переходник Андроид магнитолы для Toyota 1989-2022 года;650;44969;ок;1;12;0
Toyota;Land Cruiser;2015–2021;"9""";Андроид магнитола FYT 7862S, 9″, 4/64 ГБ, QLED 2K;17000;Переходная рамка для Toyota Land Cruiser 2015 - 2021 9 дюймов;TK060;933;Переходник Андроид магнитолы для Toyota 1989-2022 года;650;18583;ок;5;12;0
Toyota;Land Cruiser;2021–2026;"12,3""";Андроид магнитола FYT 7862S, 12,3″, 8/128 ГБ, QLED;26400;Переходная рамка в Toyota Land Cruiser 2021+  для 12,3 дюйма магнитолы;141B;2229;Переходник Андроид магнитолы для Toyota 2020+ (Raize);2800;31429;ок;1;12;0
Toyota;Land Cruiser J70;2007–2023;"9""";Андроид магнитола FYT 7862S, 9″, 4/64 ГБ, QLED 2K;17000;Переходная рамка для Toyota Land Cruiser J70 2007 - 2023 9 дюймов (черная);TO 270N;1536;Переходник Андроид магнитолы для Toyota 1989-2022 года;650;19186;ок;2;5;0
Toyota;Land Cruiser J70;2024–2026;"9""";Андроид магнитола FYT 7862S, 9″, 4/64 ГБ, QLED 2K;17000;Переходная рамка в Toyota Land Cruiser J70 2024+ 9 дюймов;TO 709N;1504;Переходник Андроид магнитолы для Toyota 2020+ (Raize);2800;21304;ок;1;5;0
Toyota;Land Cruiser Prado;1996–2002;"9""";Андроид магнитола FYT 7862S, 9″, 4/64 ГБ, QLED 2K;17000;Переходная рамка для Toyota Land Cruiser Prado 1996 - 2002 9 дюймов (правый руль);TO 403N;2473;Переходник Андроид магнитолы для Toyota 1989-2022 года;650;20123;ок;1;13;0
Toyota;Land Cruiser Prado;1996–2002;"10""";Андроид магнитола FYT 7862S, 10″, 4/64 ГБ, QLED 2K;17100;Переходная рамка в Toyota Land Cruiser Prado 1996 - 2002 10 дюймов (правый руль) (орех);FR-TY1003N;7317;Переходник Андроид магнитолы для Toyota 1989-2022 года;650;25067;ок;1;13;0
Toyota;Land Cruiser Prado;2002–2009;"9""";Андроид магнитола FYT 7862S, 9″, 4/64 ГБ, QLED 2K;17000;Переходная рамка для Toyota Land Cruiser Prado, Lexus GX 2002 - 2009 9 дюймов;TO 204N;690;Переходник Андроид магнитолы для Toyota 1989-2022 года;650;18340;ок;4;13;0
Toyota;Land Cruiser Prado;2002–2009;"12,3""";Андроид магнитола FYT 7862S, 12,3″, 8/128 ГБ, QLED;26400;Переходная рамка в Toyota Land Cruiser Prado, Lexus GX 02-09 для 12,3 дюйма магнитолы (для авто без монитора);K183 PA1/PA3;8302;Переходник Андроид магнитолы для Toyota 1989-2022 года;650;35352;ок;1;13;0
Toyota;Land Cruiser Prado;2009–2013;"9""";Андроид магнитола FYT 7862S, 9″, 4/64 ГБ, QLED 2K;17000;Переходная рамка для Toyota Land Cruiser Prado 2009 - 2013 9 дюймов;TK0145;1279;Переходник Андроид магнитолы для Toyota 1989-2022 года;650;18929;ок;1;13;0
Toyota;Land Cruiser Prado;2009–2013;"12,3""";Андроид магнитола FYT 7862S, 12,3″, 8/128 ГБ, QLED;26400;Переходная рамка в Toyota Land Cruiser Prado 2009 - 2013 для 12,3 дюйма магнитолы;K34 PA1/PA3;6187;Переходник Андроид магнитолы для Toyota 1989-2022 года;650;33237;ок;3;13;0
Toyota;Land Cruiser Prado;2013–2017;"10""";Андроид магнитола FYT 7862S, 10″, 4/64 ГБ, QLED 2K;17100;Переходная рамка для Toyota Land Cruiser Prado 2013 - 2017 10 дюймов;TK023;1651;Переходник Андроид магнитолы для Toyota 1989-2022 года;650;19401;ок;1;13;0
Toyota;Land Cruiser Prado;2013–2017;"12,3""";Андроид магнитола FYT 7862S, 12,3″, 8/128 ГБ, QLED;26400;Переходная рамка в Toyota Land Cruiser Prado 2013 — 2017 для 12,3 дюйма магнитолы;K35 PA1/PA3;7615;Переходник Андроид магнитолы для Toyota 1989-2022 года;650;34665;ок;1;13;0
Toyota;Land Cruiser Prado;2017–2020;"10""";Андроид магнитола FYT 7862S, 10″, 4/64 ГБ, QLED 2K;17100;Установочный комплект для магнитол 10 дюймов в TLC Prado 2017 - 2020 прав. руль JBL и 360 тип 2;IN-PR0307-2;12516;Переходник Андроид магнитолы для Toyota 1989-2022 года;650;30266;ок;2;13;0
Toyota;Land Cruiser Prado;2017–2024;"10""";Андроид магнитола FYT 7862S, 10″, 4/64 ГБ, QLED 2K;17100;Переходная рамка для Toyota Land Cruiser Prado 2017+ 10 дюймов;TK0307;1883;Переходник Андроид магнитолы для Toyota 2012-2024 (Raize);2800;21783;ок;1;13;0
Toyota;Land Cruiser Prado;2017–2024;"12,3""";Андроид магнитола FYT 7862S, 12,3″, 8/128 ГБ, QLED;26400;Переходная рамка в Toyota Land Cruiser Prado 2017+ для 12,3 дюйма магнитолы;K36 PA2/PA4;6149;Переходник Андроид магнитолы для Toyota 2012-2024 (Raize);2800;35349;ок;1;13;0
Toyota;Land Cruiser Prado;2024–2026;"10""";Андроид магнитола FYT 7862S, 10″, 4/64 ГБ, QLED 2K;17100;Переходная рамка в Toyota Land Cruiser Prado 2024+ 10 дюймов (левый руль);TO 747T;1769;Переходник Андроид магнитолы для Toyota 2020+ (Raize);2800;21669;ок;1;13;0
Toyota;Mark;2000–2004;"9""";Андроид магнитола FYT 7862S, 9″, 4/64 ГБ, QLED 2K;17000;Переходная рамка для Toyota Mark 110, Verossa 2000 - 2004 9 дюймов;TO 258N;807;Переходник Андроид магнитолы для Toyota 1989-2022 года;650;18457;ок;1;5;0
Toyota;Mark X;2004–2009;"9""";Андроид магнитола FYT 7862S, 9″, 4/64 ГБ, QLED 2K;17000;Переходная рамка для Toyota Mark X 2004 - 2009 9 дюймов (правый руль);TO 532N;1239;Переходник Андроид магнитолы для Toyota 1989-2022 года;650;18889;ок;1;6;0
Toyota;Mark X;2004–2009;"10""";Андроид магнитола FYT 7862S, 10″, 4/64 ГБ, QLED 2K;17100;Переходная рамка для Toyota Mark X 2004 - 2009 10 дюймов (правый руль);TO 328T;4213;Переходник Андроид магнитолы для Toyota 1989-2022 года;650;21963;ок;1;6;0
Toyota;Mark X;2009–2019;"9""";Андроид магнитола FYT 7862S, 9″, 4/64 ГБ, QLED 2K;17000;Переходная рамка для Toyota Mark X, Reiz 2009 - 2019 9 дюймов;TO 175N;1263;Переходник Андроид магнитолы для Toyota 1989-2022 года;650;18913;ок;1;6;0
Toyota;Mark X;2009–2019;"10""";Андроид магнитола FYT 7862S, 10″, 4/64 ГБ, QLED 2K;17100;Установочный комплект для магнитол 10 дюймов в Toyota Mark X 2009 - 2019 тип2;IN-TO 104T;3199;Переходник Андроид магнитолы для Toyota 1989-2022 года;650;20949;ок;1;6;0
Toyota;Matrix;2003–2008;"9""";Андроид магнитола FYT 7862S, 9″, 4/64 ГБ, QLED 2K;17000;Переходная рамка для Toyota Matrix 2003 - 2008 9 дюймов;TO 521N;1841;Переходник Андроид магнитолы для Toyota 1989-2022 года;650;19491;ок;1;5;0
Toyota;Noah;2001–2007;"9""";Андроид магнитола FYT 7862S, 9″, 4/64 ГБ, QLED 2K;17000;Переходная рамка для Toyota Noah, Voxy 2001 - 2007 9 дюймов;TO 365N;2442;Переходник Андроид магнитолы для Toyota 1989-2022 года;650;20092;ок;1;5;0
Toyota;Noah;2007–2013;"9""";Андроид магнитола FYT 7862S, 9″, 4/64 ГБ, QLED 2K;17000;Переходная рамка для Toyota Noah, Voxy 2007 - 2013 9 дюймов;TO 664N;972;Переходник Андроид магнитолы для Toyota 1989-2022 года;650;18622;ок;1;5;0
Toyota;Noah;2007–2013;"10""";Андроид магнитола FYT 7862S, 10″, 4/64 ГБ, QLED 2K;17100;Переходная рамка для Toyota Noah, Voxy 2007 - 2013 10 дюймов;TO 333T;922;Переходник Андроид магнитолы для Toyota 1989-2022 года;650;18672;ок;1;5;0
Toyota;Noah;2014–2021;"9""";Андроид магнитола FYT 7862S, 9″, 4/64 ГБ, QLED 2K;17000;Переходная рамка для Toyota Noah, Esquire, Voxy 2014 - 2021 9 дюймов;TO 271N;1321;Переходник Андроид магнитолы для Toyota 1989-2022 года;650;18971;ок;1;5;0
Toyota;Noah;2014–2021;"10""";Андроид магнитола FYT 7862S, 10″, 4/64 ГБ, QLED 2K;17100;Переходная рамка для Toyota Noah, Esquire, Voxy 2014 - 2021 10 дюймов;TO 247T;1238;Переходник Андроид магнитолы для Toyota 1989-2022 года;650;18988;ок;2;5;0
Toyota;Noah;2014–2021;"12,3""";Андроид магнитола FYT 7862S, 12,3″, 8/128 ГБ, QLED;26400;Переходная рамка в Toyota Noah, Esquire, Voxy 2014 - 2021 для 12,3 дюйма магнитолы;K250+K328;9685;Переходник Андроид магнитолы для Toyota 1989-2022 года;650;36735;ок;1;5;0
Toyota;Noah;2022–2026;"10""";Андроид магнитола FYT 7862S, 10″, 4/64 ГБ, QLED 2K;17100;Переходная рамка для Toyota Noah, Voxy 2022+ 10 дюймов Тип2;TO 621T;2187;Переходник Андроид магнитолы для Toyota 2020+ (Raize);2800;22087;ок;1;5;0
Toyota;Opa;2002–2005;"9""";Андроид магнитола FYT 7862S, 9″, 4/64 ГБ, QLED 2K;17000;Переходная рамка для Toyota Opa 2002 - 2005 10 дюймов;TO 442T;1488;Переходник Андроид магнитолы для Toyota 1989-2022 года;650;19138;ок;1;5;0
Toyota;Passo;2006–2010;"10""";Андроид магнитола FYT 7862S, 10″, 4/64 ГБ, QLED 2K;17100;Переходная рамка для Toyota Passo 2004 - 2010 10 дюймов;PR 030T;1218;Переходник Андроид магнитолы для Toyota 1989-2022 года;650;18968;ок;1;6;0
Toyota;Passo;2008–2012;"9""";Андроид магнитола FYT 7862S, 9″, 4/64 ГБ, QLED 2K;17000;Переходная рамка для Toyota Passo Sette 2008 - 2012 9 дюймов;TO 537N;2058;Переходник Андроид магнитолы для Toyota 1989-2022 года;650;19708;ок;1;6;0
Toyota;Passo;2016–2025;"9""";Андроид магнитола FYT 7862S, 9″, 4/64 ГБ, QLED 2K;17000;Переходная рамка для Daihatsu Boon, Toyota Passo 2016+ 9 дюймов;TO 424N;1636;Переходник Андроид магнитолы для Toyota 2012+ (BC2);3310;21946;ок;1;6;0
Toyota;Porte;2004–2012;"10""";Андроид магнитола FYT 7862S, 10″, 4/64 ГБ, QLED 2K;17100;Переходная рамка для Toyota Porte 2004 - 2012 10 дюймов;TO 493T;2183;Переходник Андроид магнитолы для Toyota 1989-2022 года;650;19933;ок;1;5;0
Toyota;Porte;2012–2020;"9""";Андроид магнитола FYT 7862S, 9″, 4/64 ГБ, QLED 2K;17000;Переходная рамка для Toyota Spade 2012+, Porte 2012 - 2020 9 дюймов;TO 405N;871;Переходник Андроид магнитолы для Toyota 1989-2022 года;650;18521;ок;1;5;0
Toyota;Premio;2001–2007;"9""";Андроид магнитола FYT 7862S, 9″, 4/64 ГБ, QLED 2K;17000;Переходная рамка для Toyota Premio, Allion 2001 - 2007 9 дюймов;TO 225N;1452;Переходник Андроид магнитолы для Toyota 1989-2022 года;650;19102;ок;1;5;0
Toyota;Premio;2007–2017;"9""";Андроид магнитола FYT 7862S, 9″, 4/64 ГБ, QLED 2K;17000;Переходная рамка для Toyota Premio, Allion 2007 - 2017 9 дюймов;TK539;1123;Переходник Андроид магнитолы для Toyota 1989-2022 года;650;18773;ок;1;5;0
Toyota;Premio;2017–2026;"9""";Андроид магнитола FYT 7862S, 9″, 4/64 ГБ, QLED 2K;17000;Переходная рамка для Toyota Premio, Allion 2017+ 10 дюймов;TO 330T;1253;Переходник Андроид магнитолы для Toyota 2012-2024 (Raize);2800;21053;ок;1;5;0
Toyota;Prius;2003–2011;"9""";Андроид магнитола FYT 7862S, 9″, 4/64 ГБ, QLED 2K;17000;Переходная рамка для Toyota Prius (20) 2003 - 2011 9 дюймов;TK1015;1500;Переходник Андроид магнитолы для Toyota 1989-2022 года;650;19150;ок;1;7;0
Toyota;Prius;2009–2015;"9""";Андроид магнитола FYT 7862S, 9″, 4/64 ГБ, QLED 2K;17000;Переходная рамка для Toyota Prius 2009 - 2015 9 дюймов (черная) (левый руль);TO 284N, TO 2;515;Переходник Андроид магнитолы для Toyota 1989-2022 года;650;18165;ок;6;7;0
Toyota;Prius;2009–2015;"10""";Андроид магнитола FYT 7862S, 10″, 4/64 ГБ, QLED 2K;17100;Переходная рамка для Toyota Prius 2009 - 2015 10 дюймов для авто с HUD (правый руль);TO 280T;1626;Переходник Андроид магнитолы для Toyota 1989-2022 года;650;19376;ок;3;7;0
Toyota;Prius;2015–2018;"9""";Андроид магнитола FYT 7862S, 9″, 4/64 ГБ, QLED 2K;17000;Переходная рамка для Toyota Prius 2015 - 2018 9 дюймов;TO 288N;760;Переходник Андроид магнитолы для Toyota 1989-2022 года;650;18410;ок;1;7;0
Toyota;Prius;2018–2023;"9""";Андроид магнитола FYT 7862S, 9″, 4/64 ГБ, QLED 2K;17000;Переходная рамка для Toyota Prius 2018 - 2023 9 дюймов;TO 380N;1521;Переходник Андроид магнитолы для Toyota 2012-2024 (Raize);2800;21321;ок;1;7;0
Toyota;Prius;2018–2023;"10""";Андроид магнитола FYT 7862S, 10″, 4/64 ГБ, QLED 2K;17100;Переходная рамка в Toyota Prius 2018 - 2023 10 дюймов;TO 371T;2125;Переходник Андроид магнитолы для Toyota 2012-2024 (Raize);2800;22025;ок;1;7;0
Toyota;Prius;2022–2026;"10""";Андроид магнитола FYT 7862S, 10″, 4/64 ГБ, QLED 2K;17100;Переходная рамка в Toyota Prius 2022+ 10 дюймов (правый руль);TO 740T;1940;Переходник Андроид магнитолы для Toyota 2020+ (Raize);2800;21840;ок;1;7;0
Toyota;Prius A;2011–2014;"9""";Андроид магнитола FYT 7862S, 9″, 4/64 ГБ, QLED 2K;17000;Переходная рамка для Toyota Prius A 2011 - 2014 9 дюймов (правый руль);TO 296N;1085;Переходник Андроид магнитолы для Toyota 1989-2022 года;650;18735;ок;1;6;0
Toyota;Prius A;2014–2021;"9""";Андроид магнитола FYT 7862S, 9″, 4/64 ГБ, QLED 2K;17000;Переходная рамка для Toyota Prius A 2014 - 2021 9 дюймов (правый руль);TO 462N;2069;Переходник Андроид магнитолы для Toyota 1989-2022 года;650;19719;ок;1;6;0
Toyota;Probox;2002–2014;"9""";Андроид магнитола FYT 7862S, 9″, 4/64 ГБ, QLED 2K;17000;Переходная рамка для Toyota Probox, Succeed 2002 - 2014 9 дюймов;TO 428N;1028;Переходник Андроид магнитолы для Toyota 1989-2022 года;650;18678;ок;1;5;0
Toyota;Probox;2014–2020;"9""";Андроид магнитола FYT 7862S, 9″, 4/64 ГБ, QLED 2K;17000;Переходная рамка для Toyota Probox, Succeed 2014+ 9 дюймов;TO 429N;1297;Переходник Андроид магнитолы для Toyota 1989-2022 года;650;18947;ок;1;5;0
Toyota;Progres;1998–2007;"9""";Андроид магнитола FYT 7862S, 9″, 4/64 ГБ, QLED 2K;17000;Переходная рамка для Toyota Progres 1998 - 2007 9 дюймов взамен верхнего дисплея;TO 526N;1911;Переходник Андроид магнитолы для Toyota 1989-2022 года;650;19561;ок;1;5;0
Toyota;RAV4;2000–2005;"9""";Андроид магнитола FYT 7862S, 9″, 4/64 ГБ, QLED 2K;17000;Переходная рамка для Toyota RAV4 2000 - 2003 9 дюймов;TO 314N;1059;Переходник Андроид магнитолы для Toyota 1989-2022 года;650;18709;ок;1;8;0
Toyota;RAV4;2003–2005;"9""";Андроид магнитола FYT 7862S, 9″, 4/64 ГБ, QLED 2K;17000;Переходная рамка для Toyota RAV4 2003 - 2005 9 дюймов;TO 508N;1275;Переходник Андроид магнитолы для Toyota 1989-2022 года;650;18925;ок;1;8;0
Toyota;RAV4;2006–2012;"9""";Андроид магнитола FYT 7862S, 9″, 4/64 ГБ, QLED 2K;17000;Переходная рамка для Toyota Rav4, Vanguard 2006 - 2012 9 дюймов;TK530;739;Переходник Андроид магнитолы для Toyota 1989-2022 года;650;18389;ок;1;8;0
Toyota;RAV4;2006–2012;"10""";Андроид магнитола FYT 7862S, 10″, 4/64 ГБ, QLED 2K;17100;Переходная рамка для Toyota Rav4, Vanguard 2006 - 2012 10 дюймов;AYRAVG013;1280;Переходник Андроид магнитолы для Toyota 1989-2022 года;650;19030;ок;1;8;0
Toyota;RAV4;2006–2012;"12,3""";Андроид магнитола FYT 7862S, 12,3″, 8/128 ГБ, QLED;26400;Переходная рамка в Toyota Rav4, Vanguard 2006 - 2012 для 12,3 дюйма магнитолы Тип2;K279+K328+7#-002;6317;Переходник Андроид магнитолы для Toyota 1989-2022 года;650;33367;ок;2;8;0
Toyota;RAV4;2012–2019;"9""";Андроид магнитола FYT 7862S, 9″, 4/64 ГБ, QLED 2K;17000;Переходная рамка для Toyota RAV4 2012 - 2019 9 дюймов;TK 435;659;Переходник Андроид магнитолы для Toyota 1989-2022 года;650;18309;ок;1;8;0
Toyota;RAV4;2012–2019;"10""";Андроид магнитола FYT 7862S, 10″, 4/64 ГБ, QLED 2K;17100;Переходная рамка для Toyota RAV4 2012 - 2019 10 дюймов;TK021;829;Переходник Андроид магнитолы для Toyota 1989-2022 года;650;18579;ок;1;8;0
Toyota;RAV4;2019–2023;"12,3""";Андроид магнитола FYT 7862S, 12,3″, 8/128 ГБ, QLED;26400;Крышка для установки 12,3 дюйма рамки в Toyota RAV4 2019 - 2023 (для авто с внутреннего китайского рынка);063B;3282;Переходник Андроид магнитолы для Toyota 2012-2024 (Raize);2800;32482;ок;1;8;0
Toyota;RAV4;2019–2025;"10""";Андроид магнитола FYT 7862S, 10″, 4/64 ГБ, QLED 2K;17100;Переходная рамка для Toyota RAV4 2019+ 10 дюймов Тип3;TK 542A;1140;Переходник Андроид магнитолы для Toyota 2018+;3102;21342;ок;1;8;0
Toyota;RAV4;2019–2026;"10""";Андроид магнитола FYT 7862S, 10″, 4/64 ГБ, QLED 2K;17100;Переходная рамка для Toyota RAV4 2019+ 10 дюймов (для авто с внутр. китайского рынка);TO 517T;810;Переходник Андроид магнитолы для Toyota 2018+;3102;21012;ок;3;8;0
Toyota;RAV4;2019–2026;"12,3""";Андроид магнитола FYT 7862S, 12,3″, 8/128 ГБ, QLED;26400;Переходная рамка для Toyota RAV4 2019+ для 12,3 магнитолы;TK 3018;1432;Переходник Андроид магнитолы для Toyota 2018+;3102;30934;ок;1;8;0
Toyota;RAV4;2023–2026;"12,3""";Андроид магнитола FYT 7862S, 12,3″, 8/128 ГБ, QLED;26400;Крышка для установки 12,3 дюйма рамки в Toyota RAV4 2023+ (для авто с внутреннего китайского рынка);152B;1283;Переходник Андроид магнитолы для Toyota 2020+ (Raize);2800;30483;ок;2;8;0
Toyota;Ractis;2005–2010;"9""";Андроид магнитола FYT 7862S, 9″, 4/64 ГБ, QLED 2K;17000;Переходная рамка в Toyota Ractis 2005 — 2010 9 дюймов;TO 760N;2019;Переходник Андроид магнитолы для Toyota 1989-2022 года;650;19669;ок;1;5;0
Toyota;Ractis;2010–2016;"9""";Андроид магнитола FYT 7862S, 9″, 4/64 ГБ, QLED 2K;17000;Переходная рамка для Toyota Ractis 2010 - 2016 9 дюймов;TO 340N;953;Переходник Андроид магнитолы для Toyota 1989-2022 года;650;18603;ок;1;5;0
Toyota;Raize;2019–2026;"10""";Андроид магнитола FYT 7862S, 10″, 4/64 ГБ, QLED 2K;17100;Переходная рамка для Toyota Raize, Daihatsu Rocky 2019+ 10 дюймов тип 4;TO 525T;897;Переходник Андроид магнитолы для Toyota Raize, Daihatsu Rocky 2019+ (без CAN);769;18766;ок;4;7;0
Toyota;Raize;2019–2026;"12,3""";Андроид магнитола FYT 7862S, 12,3″, 8/128 ГБ, QLED;26400;Переходная рамка в Toyota Raize, Daihatsu Rocky 2019+ для 12,3 дюйма магнитолы тип 5 (для замены 200*100 мм);K48 PA1+K328;2702;Переходник Андроид магнитолы для Toyota Raize, Daihatsu Rocky 2019+ (без CAN);769;29871;ок;1;7;0
Toyota;Raum;2003–2011;"9""";Андроид магнитола FYT 7862S, 9″, 4/64 ГБ, QLED 2K;17000;Переходная рамка для Toyota Raum 2003 - 2011 9 дюймов;TO 456N;1368;Переходник Андроид магнитолы для Toyota 1989-2022 года;650;19018;ок;1;5;0
Toyota;Reize;2009–2019;"9""";Андроид магнитола FYT 7862S, 9″, 4/64 ГБ, QLED 2K;17000;Переходная рамка для Toyota Mark X, Reiz 2009 - 2019 9 дюймов;TO 175N;1263;Переходник Андроид магнитолы для Toyota 1989-2022 года;650;18913;ок;1;5;0
Toyota;Roomy;2016–2020;"10""";Андроид магнитола FYT 7862S, 10″, 4/64 ГБ, QLED 2K;17100;Переходная рамка для Toyota Tank, Roomy 2016 - 2020 10 дюймов (авто с кондиционером);TO 502T;2950;Переходник Андроид магнитолы для Toyota 1989-2022 года;650;20700;ок;2;5;0
Toyota;Roomy;2020–2026;"10""";Андроид магнитола FYT 7862S, 10″, 4/64 ГБ, QLED 2K;17100;Переходная рамка для Toyota Tank, Roomy 2020+ 10 дюймов;TO 615T;2302;Переходник Андроид магнитолы для Toyota 2020+ (Raize);2800;22202;ок;1;5;0
Toyota;Runx;2001–2006;"9""";Андроид магнитола FYT 7862S, 9″, 4/64 ГБ, QLED 2K;17000;Переходная рамка для Toyota Corolla 2001 - 2004 (пр руль), 2001 - 2006 (л руль) 9 дюймов (беж);TK254 brown;1096;Переходник Андроид магнитолы для Toyota 1989-2022 года;650;18746;ок;2;5;0
Toyota;Runx;2004–2006;"9""";Андроид магнитола FYT 7862S, 9″, 4/64 ГБ, QLED 2K;17000;Переходная рамка для Toyota Corolla 2004 - 2006 (бежевая) 9 дюймов (правый руль);TO 300N;982;Переходник Андроид магнитолы для Toyota 1989-2022 года;650;18632;ок;1;5;0
Toyota;Rush;2006–2016;"9""";Андроид магнитола FYT 7862S, 9″, 4/64 ГБ, QLED 2K;17000;Переходная рамка для Toyota Rush 2006 - 2016 9 дюймов;TO 392N;1775;Переходник Андроид магнитолы для Toyota 1989-2022 года;650;19425;ок;1;5;0
Toyota;Sequoia;2007–2017;"10""";Андроид магнитола FYT 7862S, 10″, 4/64 ГБ, QLED 2K;17100;Переходная рамка для Toyota Tundra 2007 - 2013, Sequoia 2008 - 2017 10 дюймов;TO 191T;971;Переходник Андроид магнитолы для Toyota 1989-2022 года;650;18721;ок;1;8;0
Toyota;Sienna;2010–2014;"9""";Андроид магнитола FYT 7862S, 9″, 4/64 ГБ, QLED 2K;17000;Переходная рамка для Toyota Sienna 2010 - 2014 9 дюймов;TO 180N;707;Переходник Андроид магнитолы для Toyota 1989-2022 года;650;18357;ок;1;6;0
Toyota;Sienna;2021–2026;"12,3""";Андроид магнитола FYT 7862S, 12,3″, 8/128 ГБ, QLED;26400;Переходная рамка в Toyota Sienna 2021+ для 12,3 дюйма магнитолы;TK3017;1663;Переходник Андроид магнитолы для Toyota 2020+ (Raize);2800;30863;ок;1;6;0
Toyota;Sienta;2003–2015;"9""";Андроид магнитола FYT 7862S, 9″, 4/64 ГБ, QLED 2K;17000;Переходная рамка для Toyota Sienta 2003 - 2015 9 дюймов;TO 357N;2601;Переходник Андроид магнитолы для Toyota 1989-2022 года;650;20251;ок;1;6;0
Toyota;Sienta;2015–2021;"10""";Андроид магнитола FYT 7862S, 10″, 4/64 ГБ, QLED 2K;17100;Переходная рамка для Toyota Sienta 2015 - 2021 (для замены маг-лы 200*100мм) 10 дюймов;TO 318T;1293;Переходник Андроид магнитолы для Toyota 1989-2022 года;650;19043;ок;1;6;0
Toyota;Sienta;2022–2026;"10""";Андроид магнитола FYT 7862S, 10″, 4/64 ГБ, QLED 2K;17100;Переходная рамка в Toyota Sienta 2022+ 10 дюймов;TO 623T;1416;Переходник Андроид магнитолы для Toyota 2020+ (Raize);2800;21316;ок;1;6;0
Toyota;Spade;2012–2020;"9""";Андроид магнитола FYT 7862S, 9″, 4/64 ГБ, QLED 2K;17000;Переходная рамка для Toyota Spade 2012+, Porte 2012 - 2020 9 дюймов;TO 405N;871;Переходник Андроид магнитолы для Toyota 1989-2022 года;650;18521;ок;1;5;0
Toyota;Succeed;2002–2014;"9""";Андроид магнитола FYT 7862S, 9″, 4/64 ГБ, QLED 2K;17000;Переходная рамка для Toyota Probox, Succeed 2002 - 2014 9 дюймов;TO 428N;1028;Переходник Андроид магнитолы для Toyota 1989-2022 года;650;18678;ок;1;5;0
Toyota;Succeed;2014–2020;"9""";Андроид магнитола FYT 7862S, 9″, 4/64 ГБ, QLED 2K;17000;Переходная рамка для Toyota Probox, Succeed 2014+ 9 дюймов;TO 429N;1297;Переходник Андроид магнитолы для Toyota 1989-2022 года;650;18947;ок;1;5;0
Toyota;Tacoma;2015–2019;"9""";Андроид магнитола FYT 7862S, 9″, 4/64 ГБ, QLED 2K;17000;Переходная рамка для Toyota Tacoma 2015 - 2019 9 дюймов;TO 506N;929;Переходник Андроид магнитолы для Toyota 1989-2022 года;650;18579;ок;1;7;0
Toyota;Tacoma;2015–2025;"10""";Андроид магнитола FYT 7862S, 10″, 4/64 ГБ, QLED 2K;17100;Переходная рамка для Toyota Tacoma 2015+ 10 дюймов (черная);TO 504T;1834;Переходник Андроид магнитолы для Toyota 2012-2024 (Raize);2800;21734;ок;2;7;0
Toyota;Tank;2016–2020;"10""";Андроид магнитола FYT 7862S, 10″, 4/64 ГБ, QLED 2K;17100;Переходная рамка для Toyota Tank, Roomy 2016 - 2020 10 дюймов (авто с кондиционером);TO 502T;2950;Переходник Андроид магнитолы для Toyota 1989-2022 года;650;20700;ок;2;5;0
Toyota;Tank;2020–2026;"10""";Андроид магнитола FYT 7862S, 10″, 4/64 ГБ, QLED 2K;17100;Переходная рамка для Toyota Tank, Roomy 2020+ 10 дюймов;TO 615T;2302;Переходник Андроид магнитолы для Toyota 2020+ (Raize);2800;22202;ок;1;5;0
Toyota;Town Ace;2008–2020;"9""";Андроид магнитола FYT 7862S, 9″, 4/64 ГБ, QLED 2K;17000;Переходная рамка для Toyota Town Ace 2008 - 2020 9 дюймов;TO 457N;898;Переходник Андроид магнитолы для Toyota 1989-2022 года;650;18548;ок;1;5;0
Toyota;Tundra;2007–2017;"10""";Андроид магнитола FYT 7862S, 10″, 4/64 ГБ, QLED 2K;17100;Переходная рамка для Toyota Tundra 2007 - 2013, Sequoia 2008 - 2017 10 дюймов;TO 191T;971;Переходник Андроид магнитолы для Toyota 1989-2022 года;650;18721;ок;1;8;0
Toyota;Vellfire;2008–2015;"9""";Андроид магнитола FYT 7862S, 9″, 4/64 ГБ, QLED 2K;17000;Переходная рамка для Toyota Alphard, Vellfire 2008 - 2015 9 дюймов;TO 262N;786;Переходник Андроид магнитолы для Toyota 1989-2022 года;650;18436;ок;3;5;0
Toyota;Vellfire;2008–2015;"10""";Андроид магнитола FYT 7862S, 10″, 4/64 ГБ, QLED 2K;17100;Переходная рамка для Toyota Alphard, Vellfire 2008 - 2015 10 дюймов;TO 277T;1797;Переходник Андроид магнитолы для Toyota 1989-2022 года;650;19547;ок;1;5;0
Toyota;Vellfire;2008–2015;"12,3""";Андроид магнитола FYT 7862S, 12,3″, 8/128 ГБ, QLED;26400;Переходная рамка в Toyota Alphard, Vellfire 2008 - 2015 для 12,3 дюйма магнитолы;K166;4365;Переходник Андроид магнитолы для Toyota 1989-2022 года;650;31415;ок;1;5;0
Toyota;Vellfire;2015–2021;"10""";Андроид магнитола FYT 7862S, 10″, 4/64 ГБ, QLED 2K;17100;Установочный комплект для магнитол 10 дюймов в Toyota Alphard, Vellfire 15-21 (JBL, HDMI, 360);IN-TY1065T;28205;Переходник Андроид магнитолы для Toyota 1989-2022 года;650;45955;ок;1;5;0
Toyota;Vellfire;2015–2023;"10""";Андроид магнитола FYT 7862S, 10″, 4/64 ГБ, QLED 2K;17100;Переходная рамка для Toyota Alphard, Vellfire 2015 - 2023 10 дюймов Тип2;TO 468T;1207;Переходник Андроид магнитолы для Toyota 2012-2024 (Raize);2800;21107;ок;2;5;0
Toyota;Venza;2008–2016;"9""";Андроид магнитола FYT 7862S, 9″, 4/64 ГБ, QLED 2K;17000;Переходная рамка для Toyota Venza 2008 - 2016 9 дюймов;TO 361N;1020;Переходник Андроид магнитолы для Toyota 1989-2022 года;650;18670;ок;1;7;0
Toyota;Venza;2008–2016;"12,3""";Андроид магнитола FYT 7862S, 12,3″, 8/128 ГБ, QLED;26400;Переходная рамка для Toyota Venza 2008 — 2016 для 12,3 дюйма магнитолы;K16 PA2 PA4;8508;Переходник Андроид магнитолы для Toyota 1989-2022 года;650;35558;ок;1;7;0
Toyota;Venza;2021–2026;"10""";Андроид магнитола FYT 7862S, 10″, 4/64 ГБ, QLED 2K;17100;Переходная рамка для Toyota Harrier, Venza 2021+  10 дюймов;TO 549T;1708;Переходник Андроид магнитолы для Toyota 2020+ (Raize);2800;21608;ок;1;7;0
Toyota;Venza;2021–2026;"12,3""";Андроид магнитола FYT 7862S, 12,3″, 8/128 ГБ, QLED;26400;Переходная рамка для Toyota Harrier, Venza 2021+ для 12,3 магнитолы;TK 3023;2530;Переходник Андроид магнитолы для Toyota 2020+ (Raize);2800;31730;ок;1;7;0
Toyota;Verossa;2000–2004;"9""";Андроид магнитола FYT 7862S, 9″, 4/64 ГБ, QLED 2K;17000;Переходная рамка для Toyota Mark 110, Verossa 2000 - 2004 9 дюймов;TO 258N;807;Переходник Андроид магнитолы для Toyota 1989-2022 года;650;18457;ок;1;5;0
Toyota;Verso;2009–2018;"9""";Андроид магнитола FYT 7862S, 9″, 4/64 ГБ, QLED 2K;17000;Переходная рамка для Toyota Verso 2009 - 2018 9 дюймов (для авто с климат контролем);TO 352N;837;Переходник Андроид магнитолы для Toyota 1989-2022 года;650;18487;ок;2;5;0
Toyota;Vitz;1999–2005;"9""";Андроид магнитола FYT 7862S, 9″, 4/64 ГБ, QLED 2K;17000;Переходная рамка для Toyota Vitz 1999 - 2005 9 дюймов;TO 209N;924;Переходник Андроид магнитолы для Toyota 1989-2022 года;650;18574;ок;2;5;0
Toyota;Vitz;2005–2010;"9""";Андроид магнитола FYT 7862S, 9″, 4/64 ГБ, QLED 2K;17000;Переходная рамка для Toyota Vitz 2005 - 2010 9 дюймов черная;TO 245N;1221;Переходник Андроид магнитолы для Toyota 1989-2022 года;650;18871;ок;2;5;0
Toyota;Vitz;2005–2010;"12,3""";Андроид магнитола FYT 7862S, 12,3″, 8/128 ГБ, QLED;26400;Переходная рамка для Toyota Vitz 2005 - 2010 9 дюймов черная Тип2;TO 700N;2109;Переходник Андроид магнитолы для Toyota 1989-2022 года;650;29159;ок;3;5;0
Toyota;Vitz;2010–2014;"9""";Андроид магнитола FYT 7862S, 9″, 4/64 ГБ, QLED 2K;17000;Переходная рамка для Toyota Vitz, Yaris 2010 - 2014 9 дюймов;104-06303-218;1123;Переходник Андроид магнитолы для Toyota 1989-2022 года;650;18773;ок;1;5;0
Toyota;Vitz;2015–2020;"9""";Андроид магнитола FYT 7862S, 9″, 4/64 ГБ, QLED 2K;17000;Переходная рамка для Toyota Vitz 2015 - 2020 9 дюймов (серебристая);TO 423N;725;Переходник Андроид магнитолы для Toyota 1989-2022 года;650;18375;ок;2;5;0
Toyota;Voxy;2001–2007;"9""";Андроид магнитола FYT 7862S, 9″, 4/64 ГБ, QLED 2K;17000;Переходная рамка для Toyota Noah, Voxy 2001 - 2007 9 дюймов;TO 365N;2442;Переходник Андроид магнитолы для Toyota 1989-2022 года;650;20092;ок;1;5;0
Toyota;Voxy;2007–2013;"9""";Андроид магнитола FYT 7862S, 9″, 4/64 ГБ, QLED 2K;17000;Переходная рамка для Toyota Noah, Voxy 2007 - 2013 9 дюймов;TO 664N;972;Переходник Андроид магнитолы для Toyota 1989-2022 года;650;18622;ок;1;5;0
Toyota;Voxy;2007–2013;"10""";Андроид магнитола FYT 7862S, 10″, 4/64 ГБ, QLED 2K;17100;Переходная рамка для Toyota Noah, Voxy 2007 - 2013 10 дюймов;TO 333T;922;Переходник Андроид магнитолы для Toyota 1989-2022 года;650;18672;ок;1;5;0
Toyota;Voxy;2014–2021;"9""";Андроид магнитола FYT 7862S, 9″, 4/64 ГБ, QLED 2K;17000;Переходная рамка для Toyota Noah, Esquire, Voxy 2014 - 2021 9 дюймов;TO 271N;1321;Переходник Андроид магнитолы для Toyota 1989-2022 года;650;18971;ок;1;5;0
Toyota;Voxy;2014–2021;"10""";Андроид магнитола FYT 7862S, 10″, 4/64 ГБ, QLED 2K;17100;Переходная рамка для Toyota Noah, Esquire, Voxy 2014 - 2021 10 дюймов;TO 247T;1238;Переходник Андроид магнитолы для Toyota 1989-2022 года;650;18988;ок;2;5;0
Toyota;Voxy;2014–2021;"12,3""";Андроид магнитола FYT 7862S, 12,3″, 8/128 ГБ, QLED;26400;Переходная рамка в Toyota Noah, Esquire, Voxy 2014 - 2021 для 12,3 дюйма магнитолы;K250+K328;9685;Переходник Андроид магнитолы для Toyota 1989-2022 года;650;36735;ок;1;5;0
Toyota;Voxy;2022–2026;"10""";Андроид магнитола FYT 7862S, 10″, 4/64 ГБ, QLED 2K;17100;Переходная рамка для Toyota Noah, Voxy 2022+ 10 дюймов Тип2;TO 621T;2187;Переходник Андроид магнитолы для Toyota 2020+ (Raize);2800;22087;ок;1;5;0
Toyota;Windom;1996–2001;"9""";Андроид магнитола FYT 7862S, 9″, 4/64 ГБ, QLED 2K;17000;Переходная рамка в Toyota Windom 1996 - 2001 9 дюймов;TO 733N;2625;Переходник Андроид магнитолы для Toyota 1989-2022 года;650;20275;ок;2;5;0
Toyota;Windom;2001–2006;"9""";Андроид магнитола FYT 7862S, 9″, 4/64 ГБ, QLED 2K;17000;Переходная рамка для Toyota Windom, Lexus ES300 2001 - 2006 9 дюймов;TO 217N;1007;Переходник Андроид магнитолы для Toyota 1989-2022 года;650;18657;ок;1;5;0
Toyota;Wish;2003–2009;"9""";Андроид магнитола FYT 7862S, 9″, 4/64 ГБ, QLED 2K;17000;Переходная рамка для Toyota Wish 2003 - 2009 9 дюймов;TO 534N;1034;Переходник Андроид магнитолы для Toyota 1989-2022 года;650;18684;ок;1;5;0
Toyota;Wish;2003–2009;"10""";Андроид магнитола FYT 7862S, 10″, 4/64 ГБ, QLED 2K;17100;Переходная рамка для Toyota Wish 2003 - 2009 10 дюймов Тип2;TO 383T;1368;Переходник Андроид магнитолы для Toyota 1989-2022 года;650;19118;ок;2;5;0
Toyota;Wish;2009–2017;"10""";Андроид магнитола FYT 7862S, 10″, 4/64 ГБ, QLED 2K;17100;Переходная рамка для Toyota Wish 2009+ 10 дюймов;TO 264T;952;Переходник Андроид магнитолы для Toyota 1989-2022 года;650;18702;ок;1;5;0
Toyota;Wish;2009–2017;"12,3""";Андроид магнитола FYT 7862S, 12,3″, 8/128 ГБ, QLED;26400;Переходная рамка для Toyota Wish 2009+ для 12,3 дюйма магнитолы;183B;1402;Переходник Андроид магнитолы для Toyota 1989-2022 года;650;28452;ок;1;5;0
Toyota;Yaris;2005–2010;"12,3""";Андроид магнитола FYT 7862S, 12,3″, 8/128 ГБ, QLED;26400;Переходная рамка в Toyota Vitz, Yaris 2005 - 2010 для 12,3 дюйма магнитолы (черный глянец);K224+K328;8958;Переходник Андроид магнитолы для Toyota 1989-2022 года;650;36008;ок;1;5;0
Toyota;Yaris;2010–2014;"9""";Андроид магнитола FYT 7862S, 9″, 4/64 ГБ, QLED 2K;17000;Переходная рамка для Toyota Vitz, Yaris 2010 - 2014 9 дюймов;104-06303-218;1123;Переходник Андроид магнитолы для Toyota 1989-2022 года;650;18773;ок;1;5;0
Toyota;Yaris;2016–2024;"12,3""";Андроид магнитола FYT 7862S, 12,3″, 8/128 ГБ, QLED;26400;Переходная рамка в Toyota Yaris L 2016+ для 12,3 дюйма магнитолы (серебристая);5;2420;Переходник Андроид магнитолы для Toyota 2012-2024 (Raize);2800;31620;ок;1;5;0
Toyota;Yaris;2019–2026;"10""";Андроид магнитола FYT 7862S, 10″, 4/64 ГБ, QLED 2K;17100;Переходная рамка для Toyota Yaris 2019+, Yaris Cross 2020+ 10 дюймов (левый руль);TO 552T;927;Переходник Андроид магнитолы для Toyota 2020+ (Raize);2800;20827;ок;3;5;0
Toyota;bB;2000–2005;"9""";Андроид магнитола FYT 7862S, 9″, 4/64 ГБ, QLED 2K;17000;Переходная рамка для Toyota bB 2000 - 2005 9 дюймов;TO 397N;2453;Переходник Андроид магнитолы для Toyota 1989-2022 года;650;20103;ок;1;5;0
Toyota;bB;2005–2016;"9""";Андроид магнитола FYT 7862S, 9″, 4/64 ГБ, QLED 2K;17000;Переходная рамка для Toyota bB 2005 - 2016 9 дюймов;TO 311N;1153;Переходник Андроид магнитолы для Toyota 1989-2022 года;650;18803;ок;1;5;0
Volkswagen;Amarok;2016–2022;"9""";Андроид магнитола FYT 7862S, 9″, 4/64 ГБ, QLED 2K;17000;Переходная рамка для VW Amarok 2016 - 2022 9 дюймов;VW 133N;1591;Переходник Андроид магнитолы для VW,Skoda MQB длинный (Raize);1700;20291;ок;1;3;0
Volkswagen;Beetle;2005–2010;"12,3""";Андроид магнитола FYT 7862S, 12,3″, 8/128 ГБ, QLED;26400;Переходная рамка в VW Beetle 2005 - 2010 для 12,3 дюйма магнитолы;K190+ 10I 11;13589;Переходник Андроид магнитолы для VW,Skoda (Raize, тип ISO);1500;41489;ок;1;3;0
Volkswagen;Caddy;2004–2015;"10""";Андроид магнитола FYT 7862S, 10″, 4/64 ГБ, QLED 2K;17100;Переходная рамка для VW Caddy 2004 - 2015 10 дюймов;VW 115T;1462;Переходник Андроид магнитолы для VW,Skoda (Квадлок, PQ);1500;20062;ок;1;4;0
Volkswagen;Caravelle;2015–2019;"9""";Андроид магнитола FYT 7862S, 9″, 4/64 ГБ, QLED 2K;17000;Переходная рамка в VW Multivan, Caravelle (T6) 2015 - 2019 9 дюймов;VW 090N;1750;Переходник Андроид магнитолы для VW,Skoda MQB длинный (Raize);1700;20450;ок;1;3;0
Volkswagen;Crafter;2006–2018;"9""";Андроид магнитола FYT 7862S, 9″, 4/64 ГБ, QLED 2K;17000;Переходная рамка для Mercedes-Benz Sprinter (W906) 2006 - 2018, VW Crafter 2007 - 2014 9 дюймов;BE 058N;1444;Переходник Андроид магнитолы для VW,Skoda (Квадлок, PQ);1500;19944;ок;1;5;0
Volkswagen;Golf;2012–2021;"10""";Андроид магнитола FYT 7862S, 10″, 4/64 ГБ, QLED 2K;17100;Переходная рамка для VW Golf 7 2012 - 2021 10 дюймов (правый руль);VW 061T;2155;Переходник для камеры заднего вида Volkswagen, Skoda;150;19405;ок;1;4;0
Volkswagen;Jetta;2005–2010;"10""";Андроид магнитола FYT 7862S, 10″, 4/64 ГБ, QLED 2K;17100;Переходная рамка в VW Jetta 2005 - 2010 10 дюймов (для авто с климат-контролем);VW 084T;1214;Переходник Андроид магнитолы для VW,Skoda (Raize, тип ISO);1500;19814;ок;1;5;0
Volkswagen;Jetta;2011–2019;"10""";Андроид магнитола FYT 7862S, 10″, 4/64 ГБ, QLED 2K;17100;Переходная рамка для VW Jetta 2011 - 2019 10 дюймов;TK001;1141;Переходник для камеры заднего вида Volkswagen, Skoda;150;18391;ок;1;5;0
Volkswagen;Magotan;2014–2022;"10""";Андроид магнитола FYT 7862S, 10″, 4/64 ГБ, QLED 2K;17100;Переходная рамка в VW Passat 2014+ Magotan 2016+ 10 дюймов;VW 102T;1242;Переходник Андроид магнитолы для VW,Skoda MQB длинный (Raize);1700;20042;ок;1;3;0
Volkswagen;Multivan;2003–2015;"9""";Андроид магнитола FYT 7862S, 9″, 4/64 ГБ, QLED 2K;17000;Переходная рамка для VW Transporter, Multivan 2003 - 2015 9 дюймов;VW 074N;1427;Переходник Андроид магнитолы для VW,Skoda (Квадлок, PQ);1500;19927;ок;1;4;0
Volkswagen;Multivan;2015–2019;"9""";Андроид магнитола FYT 7862S, 9″, 4/64 ГБ, QLED 2K;17000;Переходная рамка в VW Multivan, Caravelle (T6) 2015 - 2019 9 дюймов;VW 090N;1750;Переходник для камеры заднего вида Volkswagen, Skoda;150;18900;ок;1;4;0
Volkswagen;Passat;2014–2022;"10""";Андроид магнитола FYT 7862S, 10″, 4/64 ГБ, QLED 2K;17100;Переходная рамка в VW Passat 2014+ Magotan 2016+ 10 дюймов;VW 102T;1242;Переходник Андроид магнитолы для VW,Skoda MQB длинный (Raize);1700;20042;ок;1;4;0
Volkswagen;Polo;2009–2020;"9""";Андроид магнитола FYT 7862S, 9″, 4/64 ГБ, QLED 2K;17000;Переходная рамка для VW Polo 2009 - 2020 9 дюймов;TK069;1011;Переходник для камеры заднего вида Volkswagen, Skoda;150;18161;ок;2;4;0
Volkswagen;Polo;2020–2026;"10""";Андроид магнитола FYT 7862S, 10″, 4/64 ГБ, QLED 2K;17100;Переходная рамка для VW Polo 2020+, Skoda Rapid 2021+ 10 дюймов;VW 109T;1503;Переходник Андроид магнитолы для VW,Skoda MQB длинный (Raize);1700;20303;ок;1;4;0
Volkswagen;Sharan;2010–2022;"9""";Андроид магнитола FYT 7862S, 9″, 4/64 ГБ, QLED 2K;17000;Переходная рамка в VW Sharan, Seat Alhambra 2010 - 2022 9 дюймов;VW 055N;1162;Переходник Андроид магнитолы для VW,Skoda (Квадлок, PQ);1500;19662;ок;1;3;0
Volkswagen;Tiguan;2007–2011;"9""";Андроид магнитола FYT 7862S, 9″, 4/64 ГБ, QLED 2K;17000;Переходная рамка для VW Tiguan 2007 - 2011 9 дюймов;TK083;956;Переходник Андроид магнитолы для VW,Skoda (Raize, тип ISO);1500;19456;ок;1;4;0
Volkswagen;Tiguan;2011–2017;"9""";Андроид магнитола FYT 7862S, 9″, 4/64 ГБ, QLED 2K;17000;Переходная рамка для VW Tiguan 2011 - 2017 9 дюймов;TK639;1226;Переходник для камеры заднего вида Volkswagen, Skoda;150;18376;ок;1;4;0
Volkswagen;Tiguan;2011–2017;"10""";Андроид магнитола FYT 7862S, 10″, 4/64 ГБ, QLED 2K;17100;Переходная рамка для VW Tiguan 2011 - 2017 10 дюймов;VW 077T;2058;Переходник для камеры заднего вида Volkswagen, Skoda;150;19308;ок;1;4;0
Volkswagen;Tiguan;2016–2024;"10""";Андроид магнитола FYT 7862S, 10″, 4/64 ГБ, QLED 2K;17100;Переходная рамка для VW Tiguan 2016+ 10 дюймов;TK082;759;Переходник Андроид магнитолы для VW,Skoda MQB длинный (Raize);1700;19559;ок;1;4;0
Volkswagen;Tiguan;2020–2024;"12,3""";Андроид магнитола FYT 7862S, 12,3″, 8/128 ГБ, QLED;26400;Переходная рамка в VW Tiguan L 2020 — 2024 для 12,3 дюйма магнитолы;79;1995;Переходник Андроид магнитолы для VW,Skoda MQB длинный (Raize);1700;30095;ок;1;4;0
Volkswagen;Touareg;2002–2010;"9""";Андроид магнитола FYT 7862S, 9″, 4/64 ГБ, QLED 2K;17000;Переходная рамка для VW Touareg 2002 - 2010 9 дюймов Тип2;101-09001-230;930;Переходник Андроид магнитолы для VW,Skoda (Raize, тип ISO);1500;19430;ок;2;5;0
Volkswagen;Touareg;2010–2018;"9""";Андроид магнитола FYT 7862S, 9″, 4/64 ГБ, QLED 2K;17000;Переходная рамка для VW Touareg 2010 - 2018 9 дюймов;VW 070N;1113;Переходник Андроид магнитолы для VW Touareg 2010-2018 HW;2866;20979;ок;1;5;0
Volkswagen;Touareg;2010–2018;"12,3""";Андроид магнитола FYT 7862S, 12,3″, 8/128 ГБ, QLED;26400;Переходная рамка в VW Touareg 2010 - 2018 для 12,3 дюйма магнитолы;K189;8291;Переходник Андроид магнитолы для VW Touareg 2010-2018 HW;2866;37557;ок;1;5;0
Volkswagen;Touran;2003–2010;"10""";Андроид магнитола FYT 7862S, 10″, 4/64 ГБ, QLED 2K;17100;Переходная рамка для VW Touran 2003 - 2010 (авто с климат контролем) 10 дюймов;VW 065T;1207;Переходник Андроид магнитолы для VW,Skoda (Raize, тип ISO);1500;19807;ок;2;3;0
Volkswagen;Touran;2010–2015;"10""";Андроид магнитола FYT 7862S, 10″, 4/64 ГБ, QLED 2K;17100;Переходная рамка для VW Touran 2010 - 2015 10 дюймов серебристая;VW 066T;714;Переходник Андроид магнитолы для VW,Skoda (Квадлок, PQ);1500;19314;ок;1;3;0
Volkswagen;Transporter;2003–2015;"9""";Андроид магнитола FYT 7862S, 9″, 4/64 ГБ, QLED 2K;17000;Переходная рамка для VW Transporter, Multivan 2003 - 2015 9 дюймов;VW 074N;1427;Переходник Андроид магнитолы для VW,Skoda (Квадлок, PQ);1500;19927;ок;1;4;0
Volvo;XC60;2008–2017;"9""";Андроид магнитола FYT 7862S, 9″, 4/64 ГБ, QLED 2K;17000;Переходная рамка для Volvo XC60 2008 - 2017 9 дюймов;VO 009N;1526;Переходник Андроид магнитолы для Volvo XC60, S60 2008-2013;4164;22690;ок;1;2;0
Volvo;XC90;2002–2014;"9""";Андроид магнитола FYT 7862S, 9″, 4/64 ГБ, QLED 2K;17000;Переходная рамка для Volvo XC90 2002 - 2014 9 дюймов;VO 010N;1607;Переходник Андроид магнитолы для Volvo XC90 2002-2014 OD;6486;25093;ок;1;4;0
Volvo;XC90;2002–2014;"10""";Андроид магнитола FYT 7862S, 10″, 4/64 ГБ, QLED 2K;17100;Переходная рамка в Volvo XC90 2002 - 2014 10 дюймов (взамен нижнего блока);VO 019T;2195;Переходник Андроид магнитолы для Volvo XC90 2002-2014 OD;6486;25781;ок;1;4;0
Москвич;3;2018–2026;"9""";Андроид магнитола FYT 7862S, 9″, 4/64 ГБ, QLED 2K;17000;Переходная рамка в Jac Refine S4 2018 — 2022, Москвич 3 2022+ 9 дюймов;TK1386;1341;Переходник Андроид магнитолы для Jac S4 2019+, Москвич 3 2022+;2099;20440;ок;1;1;0
УАЗ;Патриот;2012–2016;"9""";Андроид магнитола FYT 7862S, 9″, 4/64 ГБ, QLED 2K;17000;Переходная рамка для УАЗ Патриот 2012 - 2016 9 дюймов;UA 006N;1361;Переходник Андроид магнитолы для УАЗПатриот,Профи (UAZ Patriot);1863;20224;ок;1;1;0
УАЗ;Патриот;2017–2026;"9""";Андроид магнитола FYT 7862S, 9″, 4/64 ГБ, QLED 2K;17000;Переходная рамка для УАЗ Патриот, Профи 2017+ 9 дюймов;TK437;944;Переходник Андроид магнитолы для УАЗПатриот,Профи (UAZ Patriot);1863;19807;ок;1;1;0
